{
	"credit": "Made with Blockbench",
	"textures": {
		"2": "./cit/excaliburs/excaliburs",
		"particle": "excaliburs"
	},
	"elements": [
		{
			"name": "excaliburs_0",
			"from": [20, -7, 20],
			"to": [24, -6, 24],
			"rotation": {"angle": 0, "axis": "x", "origin": [-8, -8, -8]},
			"faces": {
				"north": {"uv": [14, 1.5, 16, 2], "rotation": 180, "texture": "#2"},
				"east": {"uv": [15.5, 0, 16, 2], "rotation": 270, "texture": "#2"},
				"south": {"uv": [14, 0, 16, 0.5], "texture": "#2"},
				"west": {"uv": [14, 0, 14.5, 2], "rotation": 90, "texture": "#2"},
				"up": {"uv": [16, 0, 14, 2], "rotation": 180, "texture": "#2"},
				"down": {"uv": [14, 0, 16, 2], "texture": "#2"}
			}
		},
		{
			"name": "excaliburs_1",
			"from": [19, -7, 16],
			"to": [20, -6, 23],
			"rotation": {"angle": 0, "axis": "x", "origin": [-8, -8, -8]},
			"faces": {
				"north": {"uv": [13.5, 3.5, 14, 4], "rotation": 180, "texture": "#2"},
				"east": {"uv": [13.5, 0.5, 14, 4], "rotation": 270, "texture": "#2"},
				"south": {"uv": [13.5, 0.5, 14, 1], "texture": "#2"},
				"west": {"uv": [13.5, 0.5, 14, 4], "rotation": 90, "texture": "#2"},
				"up": {"uv": [14, 0.5, 13.5, 4], "rotation": 180, "texture": "#2"},
				"down": {"uv": [13.5, 0.5, 14, 4], "texture": "#2"}
			}
		},
		{
			"name": "excaliburs_2",
			"from": [18, -7, 15],
			"to": [19, -6, 22],
			"rotation": {"angle": 0, "axis": "x", "origin": [-8, -8, -8]},
			"faces": {
				"north": {"uv": [13, 4, 13.5, 4.5], "rotation": 180, "texture": "#2"},
				"east": {"uv": [13, 1, 13.5, 4.5], "rotation": 270, "texture": "#2"},
				"south": {"uv": [13, 1, 13.5, 1.5], "texture": "#2"},
				"west": {"uv": [13, 1, 13.5, 4.5], "rotation": 90, "texture": "#2"},
				"up": {"uv": [13.5, 1, 13, 4.5], "rotation": 180, "texture": "#2"},
				"down": {"uv": [13, 1, 13.5, 4.5], "texture": "#2"}
			}
		},
		{
			"name": "excaliburs_3",
			"from": [17, -7, 14],
			"to": [18, -6, 21],
			"rotation": {"angle": 0, "axis": "x", "origin": [-8, -8, -8]},
			"faces": {
				"north": {"uv": [12.5, 4.5, 13, 5], "rotation": 180, "texture": "#2"},
				"east": {"uv": [12.5, 1.5, 13, 5], "rotation": 270, "texture": "#2"},
				"south": {"uv": [12.5, 1.5, 13, 2], "texture": "#2"},
				"west": {"uv": [12.5, 1.5, 13, 5], "rotation": 90, "texture": "#2"},
				"up": {"uv": [13, 1.5, 12.5, 5], "rotation": 180, "texture": "#2"},
				"down": {"uv": [12.5, 1.5, 13, 5], "texture": "#2"}
			}
		},
		{
			"name": "excaliburs_4",
			"from": [16, -7, 13],
			"to": [17, -6, 20],
			"rotation": {"angle": 0, "axis": "x", "origin": [-8, -8, -8]},
			"faces": {
				"north": {"uv": [12, 5, 12.5, 5.5], "rotation": 180, "texture": "#2"},
				"east": {"uv": [12, 2, 12.5, 5.5], "rotation": 270, "texture": "#2"},
				"south": {"uv": [12, 2, 12.5, 2.5], "texture": "#2"},
				"west": {"uv": [12, 2, 12.5, 5.5], "rotation": 90, "texture": "#2"},
				"up": {"uv": [12.5, 2, 12, 5.5], "rotation": 180, "texture": "#2"},
				"down": {"uv": [12, 2, 12.5, 5.5], "texture": "#2"}
			}
		},
		{
			"name": "excaliburs_5",
			"from": [20, -7, 18],
			"to": [22, -6, 20],
			"rotation": {"angle": 0, "axis": "x", "origin": [-8, -8, -8]},
			"faces": {
				"north": {"uv": [14, 2.5, 15, 3], "rotation": 180, "texture": "#2"},
				"east": {"uv": [14.5, 2, 15, 3], "rotation": 270, "texture": "#2"},
				"south": {"uv": [14, 2, 15, 2.5], "texture": "#2"},
				"west": {"uv": [14, 2, 14.5, 3], "rotation": 90, "texture": "#2"},
				"up": {"uv": [15, 2, 14, 3], "rotation": 180, "texture": "#2"},
				"down": {"uv": [14, 2, 15, 3], "texture": "#2"}
			}
		},
		{
			"name": "excaliburs_6",
			"from": [22, -7, 19],
			"to": [23, -6, 20],
			"rotation": {"angle": 0, "axis": "x", "origin": [-8, -8, -8]},
			"faces": {
				"north": {"uv": [15, 2, 15.5, 2.5], "rotation": 180, "texture": "#2"},
				"east": {"uv": [15, 2, 15.5, 2.5], "rotation": 270, "texture": "#2"},
				"south": {"uv": [15, 2, 15.5, 2.5], "texture": "#2"},
				"west": {"uv": [15, 2, 15.5, 2.5], "rotation": 90, "texture": "#2"},
				"up": {"uv": [15.5, 2, 15, 2.5], "rotation": 180, "texture": "#2"},
				"down": {"uv": [15, 2, 15.5, 2.5], "texture": "#2"}
			}
		},
		{
			"name": "excaliburs_7",
			"from": [15, -7, 12],
			"to": [16, -6, 19],
			"rotation": {"angle": 0, "axis": "x", "origin": [-8, -8, -8]},
			"faces": {
				"north": {"uv": [11.5, 5.5, 12, 6], "rotation": 180, "texture": "#2"},
				"east": {"uv": [11.5, 2.5, 12, 6], "rotation": 270, "texture": "#2"},
				"south": {"uv": [11.5, 2.5, 12, 3], "texture": "#2"},
				"west": {"uv": [11.5, 2.5, 12, 6], "rotation": 90, "texture": "#2"},
				"up": {"uv": [12, 2.5, 11.5, 6], "rotation": 180, "texture": "#2"},
				"down": {"uv": [11.5, 2.5, 12, 6], "texture": "#2"}
			}
		},
		{
			"name": "excaliburs_8",
			"from": [14, -7, 11],
			"to": [15, -6, 18],
			"rotation": {"angle": 0, "axis": "x", "origin": [-8, -8, -8]},
			"faces": {
				"north": {"uv": [11, 6, 11.5, 6.5], "rotation": 180, "texture": "#2"},
				"east": {"uv": [11, 3, 11.5, 6.5], "rotation": 270, "texture": "#2"},
				"south": {"uv": [11, 3, 11.5, 3.5], "texture": "#2"},
				"west": {"uv": [11, 3, 11.5, 6.5], "rotation": 90, "texture": "#2"},
				"up": {"uv": [11.5, 3, 11, 6.5], "rotation": 180, "texture": "#2"},
				"down": {"uv": [11, 3, 11.5, 6.5], "texture": "#2"}
			}
		},
		{
			"name": "excaliburs_9",
			"from": [20, -7, 17],
			"to": [21, -6, 18],
			"rotation": {"angle": 0, "axis": "x", "origin": [-8, -8, -8]},
			"faces": {
				"north": {"uv": [14, 3, 14.5, 3.5], "rotation": 180, "texture": "#2"},
				"east": {"uv": [14, 3, 14.5, 3.5], "rotation": 270, "texture": "#2"},
				"south": {"uv": [14, 3, 14.5, 3.5], "texture": "#2"},
				"west": {"uv": [14, 3, 14.5, 3.5], "rotation": 90, "texture": "#2"},
				"up": {"uv": [14.5, 3, 14, 3.5], "rotation": 180, "texture": "#2"},
				"down": {"uv": [14, 3, 14.5, 3.5], "texture": "#2"}
			}
		},
		{
			"name": "excaliburs_10",
			"from": [13, -7, 10],
			"to": [14, -6, 17],
			"rotation": {"angle": 0, "axis": "x", "origin": [-8, -8, -8]},
			"faces": {
				"north": {"uv": [10.5, 6.5, 11, 7], "rotation": 180, "texture": "#2"},
				"east": {"uv": [10.5, 3.5, 11, 7], "rotation": 270, "texture": "#2"},
				"south": {"uv": [10.5, 3.5, 11, 4], "texture": "#2"},
				"west": {"uv": [10.5, 3.5, 11, 7], "rotation": 90, "texture": "#2"},
				"up": {"uv": [11, 3.5, 10.5, 7], "rotation": 180, "texture": "#2"},
				"down": {"uv": [10.5, 3.5, 11, 7], "texture": "#2"}
			}
		},
		{
			"name": "excaliburs_11",
			"from": [12, -7, 9],
			"to": [13, -6, 16],
			"rotation": {"angle": 0, "axis": "x", "origin": [-8, -8, -8]},
			"faces": {
				"north": {"uv": [10, 7, 10.5, 7.5], "rotation": 180, "texture": "#2"},
				"east": {"uv": [10, 4, 10.5, 7.5], "rotation": 270, "texture": "#2"},
				"south": {"uv": [10, 4, 10.5, 4.5], "texture": "#2"},
				"west": {"uv": [10, 4, 10.5, 7.5], "rotation": 90, "texture": "#2"},
				"up": {"uv": [10.5, 4, 10, 7.5], "rotation": 180, "texture": "#2"},
				"down": {"uv": [10, 4, 10.5, 7.5], "texture": "#2"}
			}
		},
		{
			"name": "excaliburs_12",
			"from": [11, -7, 8],
			"to": [12, -6, 15],
			"rotation": {"angle": 0, "axis": "x", "origin": [-8, -8, -8]},
			"faces": {
				"north": {"uv": [9.5, 7.5, 10, 8], "rotation": 180, "texture": "#2"},
				"east": {"uv": [9.5, 4.5, 10, 8], "rotation": 270, "texture": "#2"},
				"south": {"uv": [9.5, 4.5, 10, 5], "texture": "#2"},
				"west": {"uv": [9.5, 4.5, 10, 8], "rotation": 90, "texture": "#2"},
				"up": {"uv": [10, 4.5, 9.5, 8], "rotation": 180, "texture": "#2"},
				"down": {"uv": [9.5, 4.5, 10, 8], "texture": "#2"}
			}
		},
		{
			"name": "excaliburs_13",
			"from": [10, -7, 7],
			"to": [11, -6, 14],
			"rotation": {"angle": 0, "axis": "x", "origin": [-8, -8, -8]},
			"faces": {
				"north": {"uv": [9, 8, 9.5, 8.5], "rotation": 180, "texture": "#2"},
				"east": {"uv": [9, 5, 9.5, 8.5], "rotation": 270, "texture": "#2"},
				"south": {"uv": [9, 5, 9.5, 5.5], "texture": "#2"},
				"west": {"uv": [9, 5, 9.5, 8.5], "rotation": 90, "texture": "#2"},
				"up": {"uv": [9.5, 5, 9, 8.5], "rotation": 180, "texture": "#2"},
				"down": {"uv": [9, 5, 9.5, 8.5], "texture": "#2"}
			}
		},
		{
			"name": "excaliburs_14",
			"from": [9, -7, 6],
			"to": [10, -6, 13],
			"rotation": {"angle": 0, "axis": "x", "origin": [-8, -8, -8]},
			"faces": {
				"north": {"uv": [8.5, 8.5, 9, 9], "rotation": 180, "texture": "#2"},
				"east": {"uv": [8.5, 5.5, 9, 9], "rotation": 270, "texture": "#2"},
				"south": {"uv": [8.5, 5.5, 9, 6], "texture": "#2"},
				"west": {"uv": [8.5, 5.5, 9, 9], "rotation": 90, "texture": "#2"},
				"up": {"uv": [9, 5.5, 8.5, 9], "rotation": 180, "texture": "#2"},
				"down": {"uv": [8.5, 5.5, 9, 9], "texture": "#2"}
			}
		},
		{
			"name": "excaliburs_15",
			"from": [8, -7, 5],
			"to": [9, -6, 12],
			"rotation": {"angle": 0, "axis": "x", "origin": [-8, -8, -8]},
			"faces": {
				"north": {"uv": [8, 9, 8.5, 9.5], "rotation": 180, "texture": "#2"},
				"east": {"uv": [8, 6, 8.5, 9.5], "rotation": 270, "texture": "#2"},
				"south": {"uv": [8, 6, 8.5, 6.5], "texture": "#2"},
				"west": {"uv": [8, 6, 8.5, 9.5], "rotation": 90, "texture": "#2"},
				"up": {"uv": [8.5, 6, 8, 9.5], "rotation": 180, "texture": "#2"},
				"down": {"uv": [8, 6, 8.5, 9.5], "texture": "#2"}
			}
		},
		{
			"name": "excaliburs_16",
			"from": [7, -7, 4],
			"to": [8, -6, 11],
			"rotation": {"angle": 0, "axis": "x", "origin": [-8, -8, -8]},
			"faces": {
				"north": {"uv": [7.5, 9.5, 8, 10], "rotation": 180, "texture": "#2"},
				"east": {"uv": [7.5, 6.5, 8, 10], "rotation": 270, "texture": "#2"},
				"south": {"uv": [7.5, 6.5, 8, 7], "texture": "#2"},
				"west": {"uv": [7.5, 6.5, 8, 10], "rotation": 90, "texture": "#2"},
				"up": {"uv": [8, 6.5, 7.5, 10], "rotation": 180, "texture": "#2"},
				"down": {"uv": [7.5, 6.5, 8, 10], "texture": "#2"}
			}
		},
		{
			"name": "excaliburs_17",
			"from": [6, -7, 3],
			"to": [7, -6, 10],
			"rotation": {"angle": 0, "axis": "x", "origin": [-8, -8, -8]},
			"faces": {
				"north": {"uv": [7, 10, 7.5, 10.5], "rotation": 180, "texture": "#2"},
				"east": {"uv": [7, 7, 7.5, 10.5], "rotation": 270, "texture": "#2"},
				"south": {"uv": [7, 7, 7.5, 7.5], "texture": "#2"},
				"west": {"uv": [7, 7, 7.5, 10.5], "rotation": 90, "texture": "#2"},
				"up": {"uv": [7.5, 7, 7, 10.5], "rotation": 180, "texture": "#2"},
				"down": {"uv": [7, 7, 7.5, 10.5], "texture": "#2"}
			}
		},
		{
			"name": "excaliburs_18",
			"from": [-3, -7, 6],
			"to": [0, -6, 9],
			"rotation": {"angle": 0, "axis": "x", "origin": [-8, -8, -8]},
			"faces": {
				"north": {"uv": [2.5, 8.5, 4, 9], "rotation": 180, "texture": "#2"},
				"east": {"uv": [3.5, 7.5, 4, 9], "rotation": 270, "texture": "#2"},
				"south": {"uv": [2.5, 7.5, 4, 8], "texture": "#2"},
				"west": {"uv": [2.5, 7.5, 3, 9], "rotation": 90, "texture": "#2"},
				"up": {"uv": [4, 7.5, 2.5, 9], "rotation": 180, "texture": "#2"},
				"down": {"uv": [2.5, 7.5, 4, 9], "texture": "#2"}
			}
		},
		{
			"name": "excaliburs_19",
			"from": [5, -7, -2],
			"to": [6, -6, 9],
			"rotation": {"angle": 0, "axis": "x", "origin": [-8, -8, -8]},
			"faces": {
				"north": {"uv": [6.5, 12.5, 7, 13], "rotation": 180, "texture": "#2"},
				"east": {"uv": [6.5, 7.5, 7, 13], "rotation": 270, "texture": "#2"},
				"south": {"uv": [6.5, 7.5, 7, 8], "texture": "#2"},
				"west": {"uv": [6.5, 7.5, 7, 13], "rotation": 90, "texture": "#2"},
				"up": {"uv": [7, 7.5, 6.5, 13], "rotation": 180, "texture": "#2"},
				"down": {"uv": [6.5, 7.5, 7, 13], "texture": "#2"}
			}
		},
		{
			"name": "excaliburs_20",
			"from": [-4, -7, 7],
			"to": [-3, -6, 8],
			"rotation": {"angle": 0, "axis": "x", "origin": [-8, -8, -8]},
			"faces": {
				"north": {"uv": [2, 8, 2.5, 8.5], "rotation": 180, "texture": "#2"},
				"east": {"uv": [2, 8, 2.5, 8.5], "rotation": 270, "texture": "#2"},
				"south": {"uv": [2, 8, 2.5, 8.5], "texture": "#2"},
				"west": {"uv": [2, 8, 2.5, 8.5], "rotation": 90, "texture": "#2"},
				"up": {"uv": [2.5, 8, 2, 8.5], "rotation": 180, "texture": "#2"},
				"down": {"uv": [2, 8, 2.5, 8.5], "texture": "#2"}
			}
		},
		{
			"name": "excaliburs_21",
			"from": [0, -7, -3],
			"to": [1, -6, 8],
			"rotation": {"angle": 0, "axis": "x", "origin": [-8, -8, -8]},
			"faces": {
				"north": {"uv": [4, 13, 4.5, 13.5], "rotation": 180, "texture": "#2"},
				"east": {"uv": [4, 8, 4.5, 13.5], "rotation": 270, "texture": "#2"},
				"south": {"uv": [4, 8, 4.5, 8.5], "texture": "#2"},
				"west": {"uv": [4, 8, 4.5, 13.5], "rotation": 90, "texture": "#2"},
				"up": {"uv": [4.5, 8, 4, 13.5], "rotation": 180, "texture": "#2"},
				"down": {"uv": [4, 8, 4.5, 13.5], "texture": "#2"}
			}
		},
		{
			"name": "excaliburs_22",
			"from": [4, -7, -1],
			"to": [5, -6, 8],
			"rotation": {"angle": 0, "axis": "x", "origin": [-8, -8, -8]},
			"faces": {
				"north": {"uv": [6, 12, 6.5, 12.5], "rotation": 180, "texture": "#2"},
				"east": {"uv": [6, 8, 6.5, 12.5], "rotation": 270, "texture": "#2"},
				"south": {"uv": [6, 8, 6.5, 8.5], "texture": "#2"},
				"west": {"uv": [6, 8, 6.5, 12.5], "rotation": 90, "texture": "#2"},
				"up": {"uv": [6.5, 8, 6, 12.5], "rotation": 180, "texture": "#2"},
				"down": {"uv": [6, 8, 6.5, 12.5], "texture": "#2"}
			}
		},
		{
			"name": "excaliburs_23",
			"from": [1, -7, -2],
			"to": [2, -6, 7],
			"rotation": {"angle": 0, "axis": "x", "origin": [-8, -8, -8]},
			"faces": {
				"north": {"uv": [4.5, 12.5, 5, 13], "rotation": 180, "texture": "#2"},
				"east": {"uv": [4.5, 8.5, 5, 13], "rotation": 270, "texture": "#2"},
				"south": {"uv": [4.5, 8.5, 5, 9], "texture": "#2"},
				"west": {"uv": [4.5, 8.5, 5, 13], "rotation": 90, "texture": "#2"},
				"up": {"uv": [5, 8.5, 4.5, 13], "rotation": 180, "texture": "#2"},
				"down": {"uv": [4.5, 8.5, 5, 13], "texture": "#2"}
			}
		},
		{
			"name": "excaliburs_24",
			"from": [3, -7, 0],
			"to": [4, -6, 7],
			"rotation": {"angle": 0, "axis": "x", "origin": [-8, -8, -8]},
			"faces": {
				"north": {"uv": [5.5, 11.5, 6, 12], "rotation": 180, "texture": "#2"},
				"east": {"uv": [5.5, 8.5, 6, 12], "rotation": 270, "texture": "#2"},
				"south": {"uv": [5.5, 8.5, 6, 9], "texture": "#2"},
				"west": {"uv": [5.5, 8.5, 6, 12], "rotation": 90, "texture": "#2"},
				"up": {"uv": [6, 8.5, 5.5, 12], "rotation": 180, "texture": "#2"},
				"down": {"uv": [5.5, 8.5, 6, 12], "texture": "#2"}
			}
		},
		{
			"name": "excaliburs_25",
			"from": [-2, -7, 5],
			"to": [0, -6, 6],
			"rotation": {"angle": 0, "axis": "x", "origin": [-8, -8, -8]},
			"faces": {
				"north": {"uv": [3, 9, 4, 9.5], "rotation": 180, "texture": "#2"},
				"east": {"uv": [3.5, 9, 4, 9.5], "rotation": 270, "texture": "#2"},
				"south": {"uv": [3, 9, 4, 9.5], "texture": "#2"},
				"west": {"uv": [3, 9, 3.5, 9.5], "rotation": 90, "texture": "#2"},
				"up": {"uv": [4, 9, 3, 9.5], "rotation": 180, "texture": "#2"},
				"down": {"uv": [3, 9, 4, 9.5], "texture": "#2"}
			}
		},
		{
			"name": "excaliburs_26",
			"from": [2, -7, -1],
			"to": [3, -6, 6],
			"rotation": {"angle": 0, "axis": "x", "origin": [-8, -8, -8]},
			"faces": {
				"north": {"uv": [5, 12, 5.5, 12.5], "rotation": 180, "texture": "#2"},
				"east": {"uv": [5, 9, 5.5, 12.5], "rotation": 270, "texture": "#2"},
				"south": {"uv": [5, 9, 5.5, 9.5], "texture": "#2"},
				"west": {"uv": [5, 9, 5.5, 12.5], "rotation": 90, "texture": "#2"},
				"up": {"uv": [5.5, 9, 5, 12.5], "rotation": 180, "texture": "#2"},
				"down": {"uv": [5, 9, 5.5, 12.5], "texture": "#2"}
			}
		},
		{
			"name": "excaliburs_27",
			"from": [-1, -7, 4],
			"to": [0, -6, 5],
			"rotation": {"angle": 0, "axis": "x", "origin": [-8, -8, -8]},
			"faces": {
				"north": {"uv": [3.5, 9.5, 4, 10], "rotation": 180, "texture": "#2"},
				"east": {"uv": [3.5, 9.5, 4, 10], "rotation": 270, "texture": "#2"},
				"south": {"uv": [3.5, 9.5, 4, 10], "texture": "#2"},
				"west": {"uv": [3.5, 9.5, 4, 10], "rotation": 90, "texture": "#2"},
				"up": {"uv": [4, 9.5, 3.5, 10], "rotation": 180, "texture": "#2"},
				"down": {"uv": [3.5, 9.5, 4, 10], "texture": "#2"}
			}
		},
		{
			"name": "excaliburs_28",
			"from": [-1, -7, -4],
			"to": [0, -6, 3],
			"rotation": {"angle": 0, "axis": "x", "origin": [-8, -8, -8]},
			"faces": {
				"north": {"uv": [3.5, 13.5, 4, 14], "rotation": 180, "texture": "#2"},
				"east": {"uv": [3.5, 10.5, 4, 14], "rotation": 270, "texture": "#2"},
				"south": {"uv": [3.5, 10.5, 4, 11], "texture": "#2"},
				"west": {"uv": [3.5, 10.5, 4, 14], "rotation": 90, "texture": "#2"},
				"up": {"uv": [4, 10.5, 3.5, 14], "rotation": 180, "texture": "#2"},
				"down": {"uv": [3.5, 10.5, 4, 14], "texture": "#2"}
			}
		},
		{
			"name": "excaliburs_29",
			"from": [-2, -7, -4],
			"to": [-1, -6, 2],
			"rotation": {"angle": 0, "axis": "x", "origin": [-8, -8, -8]},
			"faces": {
				"north": {"uv": [3, 13.5, 3.5, 14], "rotation": 180, "texture": "#2"},
				"east": {"uv": [3, 11, 3.5, 14], "rotation": 270, "texture": "#2"},
				"south": {"uv": [3, 11, 3.5, 11.5], "texture": "#2"},
				"west": {"uv": [3, 11, 3.5, 14], "rotation": 90, "texture": "#2"},
				"up": {"uv": [3.5, 11, 3, 14], "rotation": 180, "texture": "#2"},
				"down": {"uv": [3, 11, 3.5, 14], "texture": "#2"}
			}
		},
		{
			"name": "excaliburs_30",
			"from": [6, -7, -3],
			"to": [7, -6, 2],
			"rotation": {"angle": 0, "axis": "x", "origin": [-8, -8, -8]},
			"faces": {
				"north": {"uv": [7, 13, 7.5, 13.5], "rotation": 180, "texture": "#2"},
				"east": {"uv": [7, 11, 7.5, 13.5], "rotation": 270, "texture": "#2"},
				"south": {"uv": [7, 11, 7.5, 11.5], "texture": "#2"},
				"west": {"uv": [7, 11, 7.5, 13.5], "rotation": 90, "texture": "#2"},
				"up": {"uv": [7.5, 11, 7, 13.5], "rotation": 180, "texture": "#2"},
				"down": {"uv": [7, 11, 7.5, 13.5], "texture": "#2"}
			}
		},
		{
			"name": "excaliburs_31",
			"from": [-3, -7, -5],
			"to": [-2, -6, 1],
			"rotation": {"angle": 0, "axis": "x", "origin": [-8, -8, -8]},
			"faces": {
				"north": {"uv": [2.5, 14, 3, 14.5], "rotation": 180, "texture": "#2"},
				"east": {"uv": [2.5, 11.5, 3, 14.5], "rotation": 270, "texture": "#2"},
				"south": {"uv": [2.5, 11.5, 3, 12], "texture": "#2"},
				"west": {"uv": [2.5, 11.5, 3, 14.5], "rotation": 90, "texture": "#2"},
				"up": {"uv": [3, 11.5, 2.5, 14.5], "rotation": 180, "texture": "#2"},
				"down": {"uv": [2.5, 11.5, 3, 14.5], "texture": "#2"}
			}
		},
		{
			"name": "excaliburs_32",
			"from": [7, -7, -4],
			"to": [8, -6, 1],
			"rotation": {"angle": 0, "axis": "x", "origin": [-8, -8, -8]},
			"faces": {
				"north": {"uv": [7.5, 13.5, 8, 14], "rotation": 180, "texture": "#2"},
				"east": {"uv": [7.5, 11.5, 8, 14], "rotation": 270, "texture": "#2"},
				"south": {"uv": [7.5, 11.5, 8, 12], "texture": "#2"},
				"west": {"uv": [7.5, 11.5, 8, 14], "rotation": 90, "texture": "#2"},
				"up": {"uv": [8, 11.5, 7.5, 14], "rotation": 180, "texture": "#2"},
				"down": {"uv": [7.5, 11.5, 8, 14], "texture": "#2"}
			}
		},
		{
			"name": "excaliburs_33",
			"from": [-4, -7, -6],
			"to": [-3, -6, 0],
			"rotation": {"angle": 0, "axis": "x", "origin": [-8, -8, -8]},
			"faces": {
				"north": {"uv": [2, 14.5, 2.5, 15], "rotation": 180, "texture": "#2"},
				"east": {"uv": [2, 12, 2.5, 15], "rotation": 270, "texture": "#2"},
				"south": {"uv": [2, 12, 2.5, 12.5], "texture": "#2"},
				"west": {"uv": [2, 12, 2.5, 15], "rotation": 90, "texture": "#2"},
				"up": {"uv": [2.5, 12, 2, 15], "rotation": 180, "texture": "#2"},
				"down": {"uv": [2, 12, 2.5, 15], "texture": "#2"}
			}
		},
		{
			"name": "excaliburs_34",
			"from": [8, -7, -3],
			"to": [9, -6, 0],
			"rotation": {"angle": 0, "axis": "x", "origin": [-8, -8, -8]},
			"faces": {
				"north": {"uv": [8, 13, 8.5, 13.5], "rotation": 180, "texture": "#2"},
				"east": {"uv": [8, 12, 8.5, 13.5], "rotation": 270, "texture": "#2"},
				"south": {"uv": [8, 12, 8.5, 12.5], "texture": "#2"},
				"west": {"uv": [8, 12, 8.5, 13.5], "rotation": 90, "texture": "#2"},
				"up": {"uv": [8.5, 12, 8, 13.5], "rotation": 180, "texture": "#2"},
				"down": {"uv": [8, 12, 8.5, 13.5], "texture": "#2"}
			}
		},
		{
			"name": "excaliburs_35",
			"from": [-5, -7, -7],
			"to": [-4, -6, -2],
			"rotation": {"angle": 0, "axis": "x", "origin": [-8, -8, -8]},
			"faces": {
				"north": {"uv": [1.5, 15, 2, 15.5], "rotation": 180, "texture": "#2"},
				"east": {"uv": [1.5, 13, 2, 15.5], "rotation": 270, "texture": "#2"},
				"south": {"uv": [1.5, 13, 2, 13.5], "texture": "#2"},
				"west": {"uv": [1.5, 13, 2, 15.5], "rotation": 90, "texture": "#2"},
				"up": {"uv": [2, 13, 1.5, 15.5], "rotation": 180, "texture": "#2"},
				"down": {"uv": [1.5, 13, 2, 15.5], "texture": "#2"}
			}
		},
		{
			"name": "excaliburs_36",
			"from": [-6, -7, -7],
			"to": [-5, -6, -3],
			"rotation": {"angle": 0, "axis": "x", "origin": [-8, -8, -8]},
			"faces": {
				"north": {"uv": [1, 15, 1.5, 15.5], "rotation": 180, "texture": "#2"},
				"east": {"uv": [1, 13.5, 1.5, 15.5], "rotation": 270, "texture": "#2"},
				"south": {"uv": [1, 13.5, 1.5, 14], "texture": "#2"},
				"west": {"uv": [1, 13.5, 1.5, 15.5], "rotation": 90, "texture": "#2"},
				"up": {"uv": [1.5, 13.5, 1, 15.5], "rotation": 180, "texture": "#2"},
				"down": {"uv": [1, 13.5, 1.5, 15.5], "texture": "#2"}
			}
		},
		{
			"name": "excaliburs_37",
			"from": [-7, -7, -8],
			"to": [-6, -6, -4],
			"rotation": {"angle": 0, "axis": "x", "origin": [-8, -8, -8]},
			"faces": {
				"north": {"uv": [0.5, 15.5, 1, 16], "rotation": 180, "texture": "#2"},
				"east": {"uv": [0.5, 14, 1, 16], "rotation": 270, "texture": "#2"},
				"south": {"uv": [0.5, 14, 1, 14.5], "texture": "#2"},
				"west": {"uv": [0.5, 14, 1, 16], "rotation": 90, "texture": "#2"},
				"up": {"uv": [1, 14, 0.5, 16], "rotation": 180, "texture": "#2"},
				"down": {"uv": [0.5, 14, 1, 16], "texture": "#2"}
			}
		},
		{
			"name": "excaliburs_38",
			"from": [-8, -7, -8],
			"to": [-7, -6, -6],
			"rotation": {"angle": 0, "axis": "x", "origin": [-8, -8, -8]},
			"faces": {
				"north": {"uv": [0, 15.5, 0.5, 16], "rotation": 180, "texture": "#2"},
				"east": {"uv": [0, 15, 0.5, 16], "rotation": 270, "texture": "#2"},
				"south": {"uv": [0, 15, 0.5, 15.5], "texture": "#2"},
				"west": {"uv": [0, 15, 0.5, 16], "rotation": 90, "texture": "#2"},
				"up": {"uv": [0.5, 15, 0, 16], "rotation": 180, "texture": "#2"},
				"down": {"uv": [0, 15, 0.5, 16], "texture": "#2"}
			}
		}
	],
	"display": {
		"thirdperson_righthand": {
			"rotation": [-42.82, 1.41, 93.01],
			"translation": [-15.25, 14.5, 2.5]
		},
		"thirdperson_lefthand": {
			"rotation": [-31.99, 0.84, -93.25],
			"translation": [15.5, 13, 4.75]
		},
		"firstperson_righthand": {
			"rotation": [-53.72, 1.21, 81.31],
			"translation": [-0.25, 9.25, -16.25]
		},
		"firstperson_lefthand": {
			"rotation": [-147.42, 9.57, 94.78],
			"translation": [0, 10.25, -15.75]
		},
		"ground": {
			"rotation": [-35.64, -15.13, 85.15],
			"translation": [-13, 11.5, 0]
		},
		"gui": {
			"rotation": [-80.5, 0, 0],
			"translation": [0, 1.75, 0],
			"scale": [0.5625, 1, 0.58398]
		},
		"head": {
			"rotation": [90.25, 0, 0],
			"translation": [0, -15, 18.25]
		},
		"fixed": {
			"rotation": [-95.25, 0, 0],
			"translation": [0, 0, -15.5]
		}
	},
	"groups": [
		{
			"name": "excaliburs",
			"origin": [8, 8, 8],
			"color": 0,
			"children": [0, 1, 2, 3, 4, 5, 6, 7, 8, 9, 10, 11, 12, 13, 14, 15, 16, 17, 18, 19, 20, 21, 22, 23, 24, 25, 26, 27, 28, 29, 30, 31, 32, 33, 34, 35, 36, 37, 38]
		}
	]
}