{
	"credit": "Made with Blockbench",
	"textures": {
		"0": "gaurdian",
		"particle": "gaurdian"
	},
	"elements": [
		{
			"name": "gaurdian_0",
			"from": [12.4, 0, -0.8],
			"to": [16.8, 1.1, 3.6],
			"rotation": {"angle": 0, "axis": "y", "origin": [-0.8, 0, -0.8]},
			"faces": {
				"north": {"uv": [16, 0, 12, 1], "texture": "#0"},
				"east": {"uv": [15, 0, 16, 4], "rotation": 90, "texture": "#0"},
				"south": {"uv": [12, 3, 16, 4], "texture": "#0"},
				"west": {"uv": [12, 0, 13, 4], "rotation": 270, "texture": "#0"},
				"up": {"uv": [12, 0, 16, 4], "texture": "#0"},
				"down": {"uv": [12, 4, 16, 0], "texture": "#0"}
			}
		},
		{
			"name": "gaurdian_1",
			"from": [11.3, 0, 0.3],
			"to": [12.4, 1.1, 8],
			"rotation": {"angle": 0, "axis": "y", "origin": [-0.8, 0, -0.8]},
			"faces": {
				"north": {"uv": [12, 1, 11, 2], "texture": "#0"},
				"east": {"uv": [11, 1, 12, 8], "rotation": 90, "texture": "#0"},
				"south": {"uv": [11, 7, 12, 8], "texture": "#0"},
				"west": {"uv": [11, 1, 12, 8], "rotation": 270, "texture": "#0"},
				"up": {"uv": [11, 1, 12, 8], "texture": "#0"},
				"down": {"uv": [11, 8, 12, 1], "texture": "#0"}
			}
		},
		{
			"name": "gaurdian_2",
			"from": [10.2, 0, 1.4],
			"to": [11.3, 1.1, 9.1],
			"rotation": {"angle": 0, "axis": "y", "origin": [-0.8, 0, -0.8]},
			"faces": {
				"north": {"uv": [11, 2, 10, 3], "texture": "#0"},
				"east": {"uv": [10, 2, 11, 9], "rotation": 90, "texture": "#0"},
				"south": {"uv": [10, 8, 11, 9], "texture": "#0"},
				"west": {"uv": [10, 2, 11, 9], "rotation": 270, "texture": "#0"},
				"up": {"uv": [10, 2, 11, 9], "texture": "#0"},
				"down": {"uv": [10, 9, 11, 2], "texture": "#0"}
			}
		},
		{
			"name": "gaurdian_3",
			"from": [9.1, 0, 2.5],
			"to": [10.2, 1.1, 10.2],
			"rotation": {"angle": 0, "axis": "y", "origin": [-0.8, 0, -0.8]},
			"faces": {
				"north": {"uv": [10, 3, 9, 4], "texture": "#0"},
				"east": {"uv": [9, 3, 10, 10], "rotation": 90, "texture": "#0"},
				"south": {"uv": [9, 9, 10, 10], "texture": "#0"},
				"west": {"uv": [9, 3, 10, 10], "rotation": 270, "texture": "#0"},
				"up": {"uv": [9, 3, 10, 10], "texture": "#0"},
				"down": {"uv": [9, 10, 10, 3], "texture": "#0"}
			}
		},
		{
			"name": "gaurdian_4",
			"from": [8, 0, 3.6],
			"to": [9.1, 1.1, 12.4],
			"rotation": {"angle": 0, "axis": "y", "origin": [-0.8, 0, -0.8]},
			"faces": {
				"north": {"uv": [9, 4, 8, 5], "texture": "#0"},
				"east": {"uv": [8, 4, 9, 12], "rotation": 90, "texture": "#0"},
				"south": {"uv": [8, 11, 9, 12], "texture": "#0"},
				"west": {"uv": [8, 4, 9, 12], "rotation": 270, "texture": "#0"},
				"up": {"uv": [8, 4, 9, 12], "texture": "#0"},
				"down": {"uv": [8, 12, 9, 4], "texture": "#0"}
			}
		},
		{
			"name": "gaurdian_5",
			"from": [12.4, 0, 3.6],
			"to": [14.6, 1.1, 5.8],
			"rotation": {"angle": 0, "axis": "y", "origin": [-0.8, 0, -0.8]},
			"faces": {
				"north": {"uv": [14, 4, 12, 5], "texture": "#0"},
				"east": {"uv": [13, 4, 14, 6], "rotation": 90, "texture": "#0"},
				"south": {"uv": [12, 5, 14, 6], "texture": "#0"},
				"west": {"uv": [12, 4, 13, 6], "rotation": 270, "texture": "#0"},
				"up": {"uv": [12, 4, 14, 6], "texture": "#0"},
				"down": {"uv": [12, 6, 14, 4], "texture": "#0"}
			}
		},
		{
			"name": "gaurdian_6",
			"from": [14.6, 0, 3.6],
			"to": [15.7, 1.1, 4.7],
			"rotation": {"angle": 0, "axis": "y", "origin": [-0.8, 0, -0.8]},
			"faces": {
				"north": {"uv": [15, 4, 14, 5], "texture": "#0"},
				"east": {"uv": [14, 4, 15, 5], "rotation": 90, "texture": "#0"},
				"south": {"uv": [14, 4, 15, 5], "texture": "#0"},
				"west": {"uv": [14, 4, 15, 5], "rotation": 270, "texture": "#0"},
				"up": {"uv": [14, 4, 15, 5], "texture": "#0"},
				"down": {"uv": [14, 5, 15, 4], "texture": "#0"}
			}
		},
		{
			"name": "gaurdian_7",
			"from": [6.9, 0, 4.7],
			"to": [8, 1.1, 15.7],
			"rotation": {"angle": 0, "axis": "y", "origin": [-0.8, 0, -0.8]},
			"faces": {
				"north": {"uv": [8, 5, 7, 6], "texture": "#0"},
				"east": {"uv": [7, 5, 8, 15], "rotation": 90, "texture": "#0"},
				"south": {"uv": [7, 14, 8, 15], "texture": "#0"},
				"west": {"uv": [7, 5, 8, 15], "rotation": 270, "texture": "#0"},
				"up": {"uv": [7, 5, 8, 15], "texture": "#0"},
				"down": {"uv": [7, 15, 8, 5], "texture": "#0"}
			}
		},
		{
			"name": "gaurdian_8",
			"from": [5.8, 0, 5.8],
			"to": [6.9, 1.1, 15.7],
			"rotation": {"angle": 0, "axis": "y", "origin": [-0.8, 0, -0.8]},
			"faces": {
				"north": {"uv": [7, 6, 6, 7], "texture": "#0"},
				"east": {"uv": [6, 6, 7, 15], "rotation": 90, "texture": "#0"},
				"south": {"uv": [6, 14, 7, 15], "texture": "#0"},
				"west": {"uv": [6, 6, 7, 15], "rotation": 270, "texture": "#0"},
				"up": {"uv": [6, 6, 7, 15], "texture": "#0"},
				"down": {"uv": [6, 15, 7, 6], "texture": "#0"}
			}
		},
		{
			"name": "gaurdian_9",
			"from": [12.4, 0, 5.8],
			"to": [13.5, 1.1, 6.9],
			"rotation": {"angle": 0, "axis": "y", "origin": [-0.8, 0, -0.8]},
			"faces": {
				"north": {"uv": [13, 6, 12, 7], "texture": "#0"},
				"east": {"uv": [12, 6, 13, 7], "rotation": 90, "texture": "#0"},
				"south": {"uv": [12, 6, 13, 7], "texture": "#0"},
				"west": {"uv": [12, 6, 13, 7], "rotation": 270, "texture": "#0"},
				"up": {"uv": [12, 6, 13, 7], "texture": "#0"},
				"down": {"uv": [12, 7, 13, 6], "texture": "#0"}
			}
		},
		{
			"name": "gaurdian_10",
			"from": [4.7, 0, 6.9],
			"to": [5.8, 1.1, 14.6],
			"rotation": {"angle": 0, "axis": "y", "origin": [-0.8, 0, -0.8]},
			"faces": {
				"north": {"uv": [6, 7, 5, 8], "texture": "#0"},
				"east": {"uv": [5, 7, 6, 14], "rotation": 90, "texture": "#0"},
				"south": {"uv": [5, 13, 6, 14], "texture": "#0"},
				"west": {"uv": [5, 7, 6, 14], "rotation": 270, "texture": "#0"},
				"up": {"uv": [5, 7, 6, 14], "texture": "#0"},
				"down": {"uv": [5, 14, 6, 7], "texture": "#0"}
			}
		},
		{
			"name": "gaurdian_11",
			"from": [0.3, 0, 8],
			"to": [4.7, 1.1, 10.2],
			"rotation": {"angle": 0, "axis": "y", "origin": [-0.8, 0, -0.8]},
			"faces": {
				"north": {"uv": [5, 8, 1, 9], "texture": "#0"},
				"east": {"uv": [4, 8, 5, 10], "rotation": 90, "texture": "#0"},
				"south": {"uv": [1, 9, 5, 10], "texture": "#0"},
				"west": {"uv": [1, 8, 2, 10], "rotation": 270, "texture": "#0"},
				"up": {"uv": [1, 8, 5, 10], "texture": "#0"},
				"down": {"uv": [1, 10, 5, 8], "texture": "#0"}
			}
		},
		{
			"name": "gaurdian_12",
			"from": [1.4, 0, 10.2],
			"to": [4.7, 1.1, 14.6],
			"rotation": {"angle": 0, "axis": "y", "origin": [-0.8, 0, -0.8]},
			"faces": {
				"north": {"uv": [5, 10, 2, 11], "texture": "#0"},
				"east": {"uv": [4, 10, 5, 14], "rotation": 90, "texture": "#0"},
				"south": {"uv": [2, 13, 5, 14], "texture": "#0"},
				"west": {"uv": [2, 10, 3, 14], "rotation": 270, "texture": "#0"},
				"up": {"uv": [2, 10, 5, 14], "texture": "#0"},
				"down": {"uv": [2, 14, 5, 10], "texture": "#0"}
			}
		},
		{
			"name": "gaurdian_13",
			"from": [0.3, 0, 12.4],
			"to": [1.4, 1.1, 16.8],
			"rotation": {"angle": 0, "axis": "y", "origin": [-0.8, 0, -0.8]},
			"faces": {
				"north": {"uv": [2, 12, 1, 13], "texture": "#0"},
				"east": {"uv": [1, 12, 2, 16], "rotation": 90, "texture": "#0"},
				"south": {"uv": [1, 15, 2, 16], "texture": "#0"},
				"west": {"uv": [1, 12, 2, 16], "rotation": 270, "texture": "#0"},
				"up": {"uv": [1, 12, 2, 16], "texture": "#0"},
				"down": {"uv": [1, 16, 2, 12], "texture": "#0"}
			}
		},
		{
			"name": "gaurdian_14",
			"from": [-0.8, 0, 13.5],
			"to": [0.3, 1.1, 16.8],
			"rotation": {"angle": 0, "axis": "y", "origin": [-0.8, 0, -0.8]},
			"faces": {
				"north": {"uv": [1, 13, 0, 14], "texture": "#0"},
				"east": {"uv": [0, 13, 1, 16], "rotation": 90, "texture": "#0"},
				"south": {"uv": [0, 15, 1, 16], "texture": "#0"},
				"west": {"uv": [0, 13, 1, 16], "rotation": 270, "texture": "#0"},
				"up": {"uv": [0, 13, 1, 16], "texture": "#0"},
				"down": {"uv": [0, 16, 1, 13], "texture": "#0"}
			}
		},
		{
			"name": "gaurdian_15",
			"from": [1.4, 0, 14.6],
			"to": [2.5, 1.1, 15.7],
			"rotation": {"angle": 0, "axis": "y", "origin": [-0.8, 0, -0.8]},
			"faces": {
				"north": {"uv": [3, 14, 2, 15], "texture": "#0"},
				"east": {"uv": [2, 14, 3, 15], "rotation": 90, "texture": "#0"},
				"south": {"uv": [2, 14, 3, 15], "texture": "#0"},
				"west": {"uv": [2, 14, 3, 15], "rotation": 270, "texture": "#0"},
				"up": {"uv": [2, 14, 3, 15], "texture": "#0"},
				"down": {"uv": [2, 15, 3, 14], "texture": "#0"}
			}
		}
	],
	"display": {
		"thirdperson_righthand": {
			"rotation": [55.42, 2.85, 87.08],
			"translation": [-7.25, 7.5, 4.5]
		},
		"thirdperson_lefthand": {
			"rotation": [56.55, 1.04, -89.1],
			"translation": [8, 7.5, 5]
		},
		"firstperson_righthand": {
			"rotation": [39.58, -4, 89.55],
			"translation": [0, 5.75, -10.5],
			"scale": [1.63, 1, 1.63]
		},
		"firstperson_lefthand": {
			"rotation": [35.29, -4.17, -83.64],
			"translation": [15.25, 5.5, -10.5],
			"scale": [1.63, 1, 1.63]
		},
		"ground": {
			"rotation": [91.33, 1.94, 49.14]
		},
		"gui": {
			"rotation": [90, 0, 0]
		},
		"fixed": {
			"rotation": [90, 0, 0],
			"translation": [0, 0, 8]
		}
	},
	"groups": [
		{
			"name": "gaurdian",
			"origin": [8, 8, 8],
			"color": 0,
			"children": [0, 1, 2, 3, 4, 5, 6, 7, 8, 9, 10, 11, 12, 13, 14, 15]
		}
	]
}