{
	"credit": "Made with Blockbench",
	"textures": {
		"1": "Downloads/qder"
	},
	"elements": [
		{
			"name": "qder_0",
			"from": [12, 0, 1.5],
			"to": [14.5, 0.5, 4],
			"faces": {
				"north": {"uv": [14.5, 1.5, 12, 2], "texture": "#1"},
				"east": {"uv": [14, 1.5, 14.5, 4], "rotation": 90, "texture": "#1"},
				"south": {"uv": [12, 3.5, 14.5, 4], "texture": "#1"},
				"west": {"uv": [12, 1.5, 12.5, 4], "rotation": 270, "texture": "#1"},
				"up": {"uv": [12, 1.5, 14.5, 4], "texture": "#1"},
				"down": {"uv": [12, 4, 14.5, 1.5], "texture": "#1"}
			}
		},
		{
			"name": "qder_1",
			"from": [14.5, 0, 1.5],
			"to": [16, 0.5, 2.5],
			"faces": {
				"north": {"uv": [16, 1.5, 14.5, 2], "texture": "#1"},
				"east": {"uv": [15.5, 1.5, 16, 2.5], "rotation": 90, "texture": "#1"},
				"south": {"uv": [14.5, 2, 16, 2.5], "texture": "#1"},
				"west": {"uv": [14.5, 1.5, 15, 2.5], "rotation": 270, "texture": "#1"},
				"up": {"uv": [14.5, 1.5, 16, 2.5], "texture": "#1"},
				"down": {"uv": [14.5, 2.5, 16, 1.5], "texture": "#1"}
			}
		},
		{
			"name": "qder_2",
			"from": [11.5, 0, 2],
			"to": [12, 0.5, 6.5],
			"faces": {
				"north": {"uv": [12, 2, 11.5, 2.5], "texture": "#1"},
				"east": {"uv": [11.5, 2, 12, 6.5], "rotation": 90, "texture": "#1"},
				"south": {"uv": [11.5, 6, 12, 6.5], "texture": "#1"},
				"west": {"uv": [11.5, 2, 12, 6.5], "rotation": 270, "texture": "#1"},
				"up": {"uv": [11.5, 2, 12, 6.5], "texture": "#1"},
				"down": {"uv": [11.5, 6.5, 12, 2], "texture": "#1"}
			}
		},
		{
			"name": "qder_3",
			"from": [11, 0, 2.5],
			"to": [11.5, 0.5, 7],
			"faces": {
				"north": {"uv": [11.5, 2.5, 11, 3], "texture": "#1"},
				"east": {"uv": [11, 2.5, 11.5, 7], "rotation": 90, "texture": "#1"},
				"south": {"uv": [11, 6.5, 11.5, 7], "texture": "#1"},
				"west": {"uv": [11, 2.5, 11.5, 7], "rotation": 270, "texture": "#1"},
				"up": {"uv": [11, 2.5, 11.5, 7], "texture": "#1"},
				"down": {"uv": [11, 7, 11.5, 2.5], "texture": "#1"}
			}
		},
		{
			"name": "qder_4",
			"from": [14.5, 0, 2.5],
			"to": [15.5, 0.5, 3],
			"faces": {
				"north": {"uv": [15.5, 2.5, 14.5, 3], "texture": "#1"},
				"east": {"uv": [15, 2.5, 15.5, 3], "rotation": 90, "texture": "#1"},
				"south": {"uv": [14.5, 2.5, 15.5, 3], "texture": "#1"},
				"west": {"uv": [14.5, 2.5, 15, 3], "rotation": 270, "texture": "#1"},
				"up": {"uv": [14.5, 2.5, 15.5, 3], "texture": "#1"},
				"down": {"uv": [14.5, 3, 15.5, 2.5], "texture": "#1"}
			}
		},
		{
			"name": "qder_5",
			"from": [10.5, 0, 3],
			"to": [11, 0.5, 7.5],
			"faces": {
				"north": {"uv": [11, 3, 10.5, 3.5], "texture": "#1"},
				"east": {"uv": [10.5, 3, 11, 7.5], "rotation": 90, "texture": "#1"},
				"south": {"uv": [10.5, 7, 11, 7.5], "texture": "#1"},
				"west": {"uv": [10.5, 3, 11, 7.5], "rotation": 270, "texture": "#1"},
				"up": {"uv": [10.5, 3, 11, 7.5], "texture": "#1"},
				"down": {"uv": [10.5, 7.5, 11, 3], "texture": "#1"}
			}
		},
		{
			"name": "qder_6",
			"from": [14.5, 0, 3],
			"to": [15, 0.5, 3.5],
			"faces": {
				"north": {"uv": [15, 3, 14.5, 3.5], "texture": "#1"},
				"east": {"uv": [14.5, 3, 15, 3.5], "rotation": 90, "texture": "#1"},
				"south": {"uv": [14.5, 3, 15, 3.5], "texture": "#1"},
				"west": {"uv": [14.5, 3, 15, 3.5], "rotation": 270, "texture": "#1"},
				"up": {"uv": [14.5, 3, 15, 3.5], "texture": "#1"},
				"down": {"uv": [14.5, 3.5, 15, 3], "texture": "#1"}
			}
		},
		{
			"name": "qder_7",
			"from": [10, 0, 3.5],
			"to": [10.5, 0.5, 8],
			"faces": {
				"north": {"uv": [10.5, 3.5, 10, 4], "texture": "#1"},
				"east": {"uv": [10, 3.5, 10.5, 8], "rotation": 90, "texture": "#1"},
				"south": {"uv": [10, 7.5, 10.5, 8], "texture": "#1"},
				"west": {"uv": [10, 3.5, 10.5, 8], "rotation": 270, "texture": "#1"},
				"up": {"uv": [10, 3.5, 10.5, 8], "texture": "#1"},
				"down": {"uv": [10, 8, 10.5, 3.5], "texture": "#1"}
			}
		},
		{
			"name": "qder_8",
			"from": [9.5, 0, 4],
			"to": [10, 0.5, 8.5],
			"faces": {
				"north": {"uv": [10, 4, 9.5, 4.5], "texture": "#1"},
				"east": {"uv": [9.5, 4, 10, 8.5], "rotation": 90, "texture": "#1"},
				"south": {"uv": [9.5, 8, 10, 8.5], "texture": "#1"},
				"west": {"uv": [9.5, 4, 10, 8.5], "rotation": 270, "texture": "#1"},
				"up": {"uv": [9.5, 4, 10, 8.5], "texture": "#1"},
				"down": {"uv": [9.5, 8.5, 10, 4], "texture": "#1"}
			}
		},
		{
			"name": "qder_9",
			"from": [12, 0, 4],
			"to": [13.5, 0.5, 5],
			"faces": {
				"north": {"uv": [13.5, 4, 12, 4.5], "texture": "#1"},
				"east": {"uv": [13, 4, 13.5, 5], "rotation": 90, "texture": "#1"},
				"south": {"uv": [12, 4.5, 13.5, 5], "texture": "#1"},
				"west": {"uv": [12, 4, 12.5, 5], "rotation": 270, "texture": "#1"},
				"up": {"uv": [12, 4, 13.5, 5], "texture": "#1"},
				"down": {"uv": [12, 5, 13.5, 4], "texture": "#1"}
			}
		},
		{
			"name": "qder_10",
			"from": [13.5, 0, 4],
			"to": [14, 0.5, 4.5],
			"faces": {
				"north": {"uv": [14, 4, 13.5, 4.5], "texture": "#1"},
				"east": {"uv": [13.5, 4, 14, 4.5], "rotation": 90, "texture": "#1"},
				"south": {"uv": [13.5, 4, 14, 4.5], "texture": "#1"},
				"west": {"uv": [13.5, 4, 14, 4.5], "rotation": 270, "texture": "#1"},
				"up": {"uv": [13.5, 4, 14, 4.5], "texture": "#1"},
				"down": {"uv": [13.5, 4.5, 14, 4], "texture": "#1"}
			}
		},
		{
			"name": "qder_11",
			"from": [9, 0, 4.5],
			"to": [9.5, 0.5, 9],
			"faces": {
				"north": {"uv": [9.5, 4.5, 9, 5], "texture": "#1"},
				"east": {"uv": [9, 4.5, 9.5, 9], "rotation": 90, "texture": "#1"},
				"south": {"uv": [9, 8.5, 9.5, 9], "texture": "#1"},
				"west": {"uv": [9, 4.5, 9.5, 9], "rotation": 270, "texture": "#1"},
				"up": {"uv": [9, 4.5, 9.5, 9], "texture": "#1"},
				"down": {"uv": [9, 9, 9.5, 4.5], "texture": "#1"}
			}
		},
		{
			"name": "qder_12",
			"from": [8.5, 0, 5],
			"to": [9, 0.5, 9.5],
			"faces": {
				"north": {"uv": [9, 5, 8.5, 5.5], "texture": "#1"},
				"east": {"uv": [8.5, 5, 9, 9.5], "rotation": 90, "texture": "#1"},
				"south": {"uv": [8.5, 9, 9, 9.5], "texture": "#1"},
				"west": {"uv": [8.5, 5, 9, 9.5], "rotation": 270, "texture": "#1"},
				"up": {"uv": [8.5, 5, 9, 9.5], "texture": "#1"},
				"down": {"uv": [8.5, 9.5, 9, 5], "texture": "#1"}
			}
		},
		{
			"name": "qder_13",
			"from": [12, 0, 5],
			"to": [13, 0.5, 5.5],
			"faces": {
				"north": {"uv": [13, 5, 12, 5.5], "texture": "#1"},
				"east": {"uv": [12.5, 5, 13, 5.5], "rotation": 90, "texture": "#1"},
				"south": {"uv": [12, 5, 13, 5.5], "texture": "#1"},
				"west": {"uv": [12, 5, 12.5, 5.5], "rotation": 270, "texture": "#1"},
				"up": {"uv": [12, 5, 13, 5.5], "texture": "#1"},
				"down": {"uv": [12, 5.5, 13, 5], "texture": "#1"}
			}
		},
		{
			"name": "qder_14",
			"from": [8, 0, 5.5],
			"to": [8.5, 0.5, 10],
			"faces": {
				"north": {"uv": [8.5, 5.5, 8, 6], "texture": "#1"},
				"east": {"uv": [8, 5.5, 8.5, 10], "rotation": 90, "texture": "#1"},
				"south": {"uv": [8, 9.5, 8.5, 10], "texture": "#1"},
				"west": {"uv": [8, 5.5, 8.5, 10], "rotation": 270, "texture": "#1"},
				"up": {"uv": [8, 5.5, 8.5, 10], "texture": "#1"},
				"down": {"uv": [8, 10, 8.5, 5.5], "texture": "#1"}
			}
		},
		{
			"name": "qder_15",
			"from": [12, 0, 5.5],
			"to": [12.5, 0.5, 6],
			"faces": {
				"north": {"uv": [12.5, 5.5, 12, 6], "texture": "#1"},
				"east": {"uv": [12, 5.5, 12.5, 6], "rotation": 90, "texture": "#1"},
				"south": {"uv": [12, 5.5, 12.5, 6], "texture": "#1"},
				"west": {"uv": [12, 5.5, 12.5, 6], "rotation": 270, "texture": "#1"},
				"up": {"uv": [12, 5.5, 12.5, 6], "texture": "#1"},
				"down": {"uv": [12, 6, 12.5, 5.5], "texture": "#1"}
			}
		},
		{
			"name": "qder_16",
			"from": [7.5, 0, 6],
			"to": [8, 0.5, 10.5],
			"faces": {
				"north": {"uv": [8, 6, 7.5, 6.5], "texture": "#1"},
				"east": {"uv": [7.5, 6, 8, 10.5], "rotation": 90, "texture": "#1"},
				"south": {"uv": [7.5, 10, 8, 10.5], "texture": "#1"},
				"west": {"uv": [7.5, 6, 8, 10.5], "rotation": 270, "texture": "#1"},
				"up": {"uv": [7.5, 6, 8, 10.5], "texture": "#1"},
				"down": {"uv": [7.5, 10.5, 8, 6], "texture": "#1"}
			}
		},
		{
			"name": "qder_17",
			"from": [7, 0, 6.5],
			"to": [7.5, 0.5, 11],
			"faces": {
				"north": {"uv": [7.5, 6.5, 7, 7], "texture": "#1"},
				"east": {"uv": [7, 6.5, 7.5, 11], "rotation": 90, "texture": "#1"},
				"south": {"uv": [7, 10.5, 7.5, 11], "texture": "#1"},
				"west": {"uv": [7, 6.5, 7.5, 11], "rotation": 270, "texture": "#1"},
				"up": {"uv": [7, 6.5, 7.5, 11], "texture": "#1"},
				"down": {"uv": [7, 11, 7.5, 6.5], "texture": "#1"}
			}
		},
		{
			"name": "qder_18",
			"from": [6.5, 0, 7],
			"to": [7, 0.5, 13],
			"faces": {
				"north": {"uv": [7, 7, 6.5, 7.5], "texture": "#1"},
				"east": {"uv": [6.5, 7, 7, 13], "rotation": 90, "texture": "#1"},
				"south": {"uv": [6.5, 12.5, 7, 13], "texture": "#1"},
				"west": {"uv": [6.5, 7, 7, 13], "rotation": 270, "texture": "#1"},
				"up": {"uv": [6.5, 7, 7, 13], "texture": "#1"},
				"down": {"uv": [6.5, 13, 7, 7], "texture": "#1"}
			}
		},
		{
			"name": "qder_19",
			"from": [6, 0, 7.5],
			"to": [6.5, 0.5, 12.5],
			"faces": {
				"north": {"uv": [6.5, 7.5, 6, 8], "texture": "#1"},
				"east": {"uv": [6, 7.5, 6.5, 12.5], "rotation": 90, "texture": "#1"},
				"south": {"uv": [6, 12, 6.5, 12.5], "texture": "#1"},
				"west": {"uv": [6, 7.5, 6.5, 12.5], "rotation": 270, "texture": "#1"},
				"up": {"uv": [6, 7.5, 6.5, 12.5], "texture": "#1"},
				"down": {"uv": [6, 12.5, 6.5, 7.5], "texture": "#1"}
			}
		},
		{
			"name": "qder_20",
			"from": [5.5, 0, 8],
			"to": [6, 0.5, 12],
			"faces": {
				"north": {"uv": [6, 8, 5.5, 8.5], "texture": "#1"},
				"east": {"uv": [5.5, 8, 6, 12], "rotation": 90, "texture": "#1"},
				"south": {"uv": [5.5, 11.5, 6, 12], "texture": "#1"},
				"west": {"uv": [5.5, 8, 6, 12], "rotation": 270, "texture": "#1"},
				"up": {"uv": [5.5, 8, 6, 12], "texture": "#1"},
				"down": {"uv": [5.5, 12, 6, 8], "texture": "#1"}
			}
		},
		{
			"name": "qder_21",
			"from": [2.5, 0, 8.5],
			"to": [4.5, 0.5, 10],
			"faces": {
				"north": {"uv": [4.5, 8.5, 2.5, 9], "texture": "#1"},
				"east": {"uv": [4, 8.5, 4.5, 10], "rotation": 90, "texture": "#1"},
				"south": {"uv": [2.5, 9.5, 4.5, 10], "texture": "#1"},
				"west": {"uv": [2.5, 8.5, 3, 10], "rotation": 270, "texture": "#1"},
				"up": {"uv": [2.5, 8.5, 4.5, 10], "texture": "#1"},
				"down": {"uv": [2.5, 10, 4.5, 8.5], "texture": "#1"}
			}
		},
		{
			"name": "qder_22",
			"from": [5, 0, 8.5],
			"to": [5.5, 0.5, 12],
			"faces": {
				"north": {"uv": [5.5, 8.5, 5, 9], "texture": "#1"},
				"east": {"uv": [5, 8.5, 5.5, 12], "rotation": 90, "texture": "#1"},
				"south": {"uv": [5, 11.5, 5.5, 12], "texture": "#1"},
				"west": {"uv": [5, 8.5, 5.5, 12], "rotation": 270, "texture": "#1"},
				"up": {"uv": [5, 8.5, 5.5, 12], "texture": "#1"},
				"down": {"uv": [5, 12, 5.5, 8.5], "texture": "#1"}
			}
		},
		{
			"name": "qder_23",
			"from": [2, 0, 9],
			"to": [2.5, 0.5, 9.5],
			"faces": {
				"north": {"uv": [2.5, 9, 2, 9.5], "texture": "#1"},
				"east": {"uv": [2, 9, 2.5, 9.5], "rotation": 90, "texture": "#1"},
				"south": {"uv": [2, 9, 2.5, 9.5], "texture": "#1"},
				"west": {"uv": [2, 9, 2.5, 9.5], "rotation": 270, "texture": "#1"},
				"up": {"uv": [2, 9, 2.5, 9.5], "texture": "#1"},
				"down": {"uv": [2, 9.5, 2.5, 9], "texture": "#1"}
			}
		},
		{
			"name": "qder_24",
			"from": [4.5, 0, 9],
			"to": [5, 0.5, 12],
			"faces": {
				"north": {"uv": [5, 9, 4.5, 9.5], "texture": "#1"},
				"east": {"uv": [4.5, 9, 5, 12], "rotation": 90, "texture": "#1"},
				"south": {"uv": [4.5, 11.5, 5, 12], "texture": "#1"},
				"west": {"uv": [4.5, 9, 5, 12], "rotation": 270, "texture": "#1"},
				"up": {"uv": [4.5, 9, 5, 12], "texture": "#1"},
				"down": {"uv": [4.5, 12, 5, 9], "texture": "#1"}
			}
		},
		{
			"name": "qder_25",
			"from": [1.5, 0, 9.5],
			"to": [2, 0.5, 11],
			"faces": {
				"north": {"uv": [2, 9.5, 1.5, 10], "texture": "#1"},
				"east": {"uv": [1.5, 9.5, 2, 11], "rotation": 90, "texture": "#1"},
				"south": {"uv": [1.5, 10.5, 2, 11], "texture": "#1"},
				"west": {"uv": [1.5, 9.5, 2, 11], "rotation": 270, "texture": "#1"},
				"up": {"uv": [1.5, 9.5, 2, 11], "texture": "#1"},
				"down": {"uv": [1.5, 11, 2, 9.5], "texture": "#1"}
			}
		},
		{
			"name": "qder_26",
			"from": [1, 0, 10],
			"to": [1.5, 0.5, 15.5],
			"faces": {
				"north": {"uv": [1.5, 10, 1, 10.5], "texture": "#1"},
				"east": {"uv": [1, 10, 1.5, 15.5], "rotation": 90, "texture": "#1"},
				"south": {"uv": [1, 15, 1.5, 15.5], "texture": "#1"},
				"west": {"uv": [1, 10, 1.5, 15.5], "rotation": 270, "texture": "#1"},
				"up": {"uv": [1, 10, 1.5, 15.5], "texture": "#1"},
				"down": {"uv": [1, 15.5, 1.5, 10], "texture": "#1"}
			}
		},
		{
			"name": "qder_27",
			"from": [2, 0, 10],
			"to": [2.5, 0.5, 10.5],
			"faces": {
				"north": {"uv": [2.5, 10, 2, 10.5], "texture": "#1"},
				"east": {"uv": [2, 10, 2.5, 10.5], "rotation": 90, "texture": "#1"},
				"south": {"uv": [2, 10, 2.5, 10.5], "texture": "#1"},
				"west": {"uv": [2, 10, 2.5, 10.5], "rotation": 270, "texture": "#1"},
				"up": {"uv": [2, 10, 2.5, 10.5], "texture": "#1"},
				"down": {"uv": [2, 10.5, 2.5, 10], "texture": "#1"}
			}
		},
		{
			"name": "qder_28",
			"from": [4, 0, 10],
			"to": [4.5, 0.5, 10.5],
			"faces": {
				"north": {"uv": [4.5, 10, 4, 10.5], "texture": "#1"},
				"east": {"uv": [4, 10, 4.5, 10.5], "rotation": 90, "texture": "#1"},
				"south": {"uv": [4, 10, 4.5, 10.5], "texture": "#1"},
				"west": {"uv": [4, 10, 4.5, 10.5], "rotation": 270, "texture": "#1"},
				"up": {"uv": [4, 10, 4.5, 10.5], "texture": "#1"},
				"down": {"uv": [4, 10.5, 4.5, 10], "texture": "#1"}
			}
		},
		{
			"name": "qder_29",
			"from": [0.5, 0, 10.5],
			"to": [1, 0.5, 15],
			"faces": {
				"north": {"uv": [1, 10.5, 0.5, 11], "texture": "#1"},
				"east": {"uv": [0.5, 10.5, 1, 15], "rotation": 90, "texture": "#1"},
				"south": {"uv": [0.5, 14.5, 1, 15], "texture": "#1"},
				"west": {"uv": [0.5, 10.5, 1, 15], "rotation": 270, "texture": "#1"},
				"up": {"uv": [0.5, 10.5, 1, 15], "texture": "#1"},
				"down": {"uv": [0.5, 15, 1, 10.5], "texture": "#1"}
			}
		},
		{
			"name": "qder_30",
			"from": [4, 0, 11],
			"to": [4.5, 0.5, 13],
			"faces": {
				"north": {"uv": [4.5, 11, 4, 11.5], "texture": "#1"},
				"east": {"uv": [4, 11, 4.5, 13], "rotation": 90, "texture": "#1"},
				"south": {"uv": [4, 12.5, 4.5, 13], "texture": "#1"},
				"west": {"uv": [4, 11, 4.5, 13], "rotation": 270, "texture": "#1"},
				"up": {"uv": [4, 11, 4.5, 13], "texture": "#1"},
				"down": {"uv": [4, 13, 4.5, 11], "texture": "#1"}
			}
		},
		{
			"name": "qder_31",
			"from": [0, 0, 11.5],
			"to": [0.5, 0.5, 14.5],
			"faces": {
				"north": {"uv": [0.5, 11.5, 0, 12], "texture": "#1"},
				"east": {"uv": [0, 11.5, 0.5, 14.5], "rotation": 90, "texture": "#1"},
				"south": {"uv": [0, 14, 0.5, 14.5], "texture": "#1"},
				"west": {"uv": [0, 11.5, 0.5, 14.5], "rotation": 270, "texture": "#1"},
				"up": {"uv": [0, 11.5, 0.5, 14.5], "texture": "#1"},
				"down": {"uv": [0, 14.5, 0.5, 11.5], "texture": "#1"}
			}
		},
		{
			"name": "qder_32",
			"from": [3, 0, 11.5],
			"to": [4, 0.5, 13.5],
			"faces": {
				"north": {"uv": [4, 11.5, 3, 12], "texture": "#1"},
				"east": {"uv": [3.5, 11.5, 4, 13.5], "rotation": 90, "texture": "#1"},
				"south": {"uv": [3, 13, 4, 13.5], "texture": "#1"},
				"west": {"uv": [3, 11.5, 3.5, 13.5], "rotation": 270, "texture": "#1"},
				"up": {"uv": [3, 11.5, 4, 13.5], "texture": "#1"},
				"down": {"uv": [3, 13.5, 4, 11.5], "texture": "#1"}
			}
		},
		{
			"name": "qder_33",
			"from": [7, 0, 11.5],
			"to": [7.5, 0.5, 13],
			"faces": {
				"north": {"uv": [7.5, 11.5, 7, 12], "texture": "#1"},
				"east": {"uv": [7, 11.5, 7.5, 13], "rotation": 90, "texture": "#1"},
				"south": {"uv": [7, 12.5, 7.5, 13], "texture": "#1"},
				"west": {"uv": [7, 11.5, 7.5, 13], "rotation": 270, "texture": "#1"},
				"up": {"uv": [7, 11.5, 7.5, 13], "texture": "#1"},
				"down": {"uv": [7, 13, 7.5, 11.5], "texture": "#1"}
			}
		},
		{
			"name": "qder_34",
			"from": [2.5, 0, 12],
			"to": [3, 0.5, 14.5],
			"faces": {
				"north": {"uv": [3, 12, 2.5, 12.5], "texture": "#1"},
				"east": {"uv": [2.5, 12, 3, 14.5], "rotation": 90, "texture": "#1"},
				"south": {"uv": [2.5, 14, 3, 14.5], "texture": "#1"},
				"west": {"uv": [2.5, 12, 3, 14.5], "rotation": 270, "texture": "#1"},
				"up": {"uv": [2.5, 12, 3, 14.5], "texture": "#1"},
				"down": {"uv": [2.5, 14.5, 3, 12], "texture": "#1"}
			}
		},
		{
			"name": "qder_35",
			"from": [7.5, 0, 12],
			"to": [8, 0.5, 13],
			"faces": {
				"north": {"uv": [8, 12, 7.5, 12.5], "texture": "#1"},
				"east": {"uv": [7.5, 12, 8, 13], "rotation": 90, "texture": "#1"},
				"south": {"uv": [7.5, 12.5, 8, 13], "texture": "#1"},
				"west": {"uv": [7.5, 12, 8, 13], "rotation": 270, "texture": "#1"},
				"up": {"uv": [7.5, 12, 8, 13], "texture": "#1"},
				"down": {"uv": [7.5, 13, 8, 12], "texture": "#1"}
			}
		},
		{
			"name": "qder_36",
			"from": [1.5, 0, 13],
			"to": [2.5, 0.5, 15],
			"faces": {
				"north": {"uv": [2.5, 13, 1.5, 13.5], "texture": "#1"},
				"east": {"uv": [2, 13, 2.5, 15], "rotation": 90, "texture": "#1"},
				"south": {"uv": [1.5, 14.5, 2.5, 15], "texture": "#1"},
				"west": {"uv": [1.5, 13, 2, 15], "rotation": 270, "texture": "#1"},
				"up": {"uv": [1.5, 13, 2.5, 15], "texture": "#1"},
				"down": {"uv": [1.5, 15, 2.5, 13], "texture": "#1"}
			}
		},
		{
			"name": "qder_37",
			"from": [3, 0, 13.5],
			"to": [3.5, 0.5, 14],
			"faces": {
				"north": {"uv": [3.5, 13.5, 3, 14], "texture": "#1"},
				"east": {"uv": [3, 13.5, 3.5, 14], "rotation": 90, "texture": "#1"},
				"south": {"uv": [3, 13.5, 3.5, 14], "texture": "#1"},
				"west": {"uv": [3, 13.5, 3.5, 14], "rotation": 270, "texture": "#1"},
				"up": {"uv": [3, 13.5, 3.5, 14], "texture": "#1"},
				"down": {"uv": [3, 14, 3.5, 13.5], "texture": "#1"}
			}
		},
		{
			"name": "qder_38",
			"from": [1.5, 0, 15],
			"to": [2, 0.5, 15.5],
			"faces": {
				"north": {"uv": [2, 15, 1.5, 15.5], "texture": "#1"},
				"east": {"uv": [1.5, 15, 2, 15.5], "rotation": 90, "texture": "#1"},
				"south": {"uv": [1.5, 15, 2, 15.5], "texture": "#1"},
				"west": {"uv": [1.5, 15, 2, 15.5], "rotation": 270, "texture": "#1"},
				"up": {"uv": [1.5, 15, 2, 15.5], "texture": "#1"},
				"down": {"uv": [1.5, 15.5, 2, 15], "texture": "#1"}
			}
		}
	],
	"display": {
		"thirdperson_righthand": {
			"rotation": [49.59, 5.1, 92.25],
			"translation": [-7.75, 3.75, 2.25]
		},
		"thirdperson_lefthand": {
			"rotation": [52.24, -3.12, -92.12],
			"translation": [8, 3.75, 2]
		},
		"firstperson_righthand": {
			"rotation": [45.23, -3.6, 95.92],
			"translation": [-2.25, 3, -5.5],
			"scale": [1.58, 1, 1.51]
		},
		"firstperson_lefthand": {
			"rotation": [45.7, 2.51, -90.64],
			"translation": [13.75, 3.5, -6],
			"scale": [1.58, 1, 1.51]
		},
		"ground": {
			"rotation": [-9.84, -32.17, 88.1],
			"translation": [0, -3, 0]
		},
		"gui": {
			"rotation": [90, 0, 0]
		},
		"fixed": {
			"rotation": [90, 0, 180],
			"translation": [0, -0.75, -7]
		}
	},
	"groups": [
		{
			"name": "qder",
			"origin": [8, 8, 8],
			"color": 0,
			"children": [
				{
					"name": "qder",
					"origin": [8, 8, 8],
					"color": 0,
					"children": [0, 1, 2, 3, 4, 5, 6, 7, 8, 9, 10, 11, 12, 13, 14, 15, 16, 17, 18, 19, 20, 21, 22, 23, 24, 25, 26, 27, 28, 29, 30, 31, 32, 33, 34, 35, 36, 37, 38]
				}
			]
		}
	]
}