{
    "providers": [
        {
            "type": "bitmap",
            "file": "minecraft:custom/empty.png",
            "ascent": 16,
            "height": 20,
            "chars": ["\uE001"]
        },
        {
            "type": "bitmap",
            "file": "minecraft:custom/air2.png",
            "ascent": 18,
            "height": 24,
            "chars": ["\uE002"]
        },
        {
            "type": "bitmap",
            "file": "minecraft:custom/fire2.png",
            "ascent": 18,
            "height": 24,
            "chars": ["\uE003"]
        },
        {
            "type": "bitmap",
            "file": "minecraft:custom/earth.png",
            "ascent": 18,
            "height": 24,
            "chars": ["\uE004"]
        },
        {
            "type": "bitmap",
            "file": "minecraft:custom/haste2.png",
            "ascent": 18,
            "height": 24,
            "chars": ["\uE005"]
        },
        {
            "type": "bitmap",
            "file": "minecraft:custom/water2.png",
            "ascent": 18,
            "height": 24,
            "chars": ["\uE006"]
        },
        {
            "type": "bitmap",
            "file": "minecraft:custom/water.png",
            "ascent": 18,
            "height": 24,
            "chars": ["\uE010"]
        },
        {
            "type": "bitmap",
            "file": "minecraft:custom/fire.png",
            "ascent": 18,
            "height": 24,
            "chars": ["\uE011"]
        },
        {
            "type": "bitmap",
            "file": "minecraft:custom/air.png",
            "ascent": 18,
            "height": 24,
            "chars": ["\uE013"]
        }

    ]
}