{
	"credit": "Made with Blockbench",
	"textures": {
		"0": "bamboo_katana",
		"particle": "bamboo_katana"
	},
	"elements": [
		{
			"name": "bamboo_katana_0",
			"from": [14.6, -0.8, -0.25],
			"to": [16.25, -0.25, 1.4],
			"rotation": {"angle": 0, "axis": "y", "origin": [-0.8, -0.8, -0.8]},
			"faces": {
				"north": {"uv": [15.5, 0.5, 14, 1], "texture": "#0"},
				"east": {"uv": [15, 0.5, 15.5, 2], "rotation": 90, "texture": "#0"},
				"south": {"uv": [14, 1.5, 15.5, 2], "texture": "#0"},
				"west": {"uv": [14, 0.5, 14.5, 2], "rotation": 270, "texture": "#0"},
				"up": {"uv": [14, 0.5, 15.5, 2], "texture": "#0"},
				"down": {"uv": [14, 2, 15.5, 0.5], "texture": "#0"}
			}
		},
		{
			"name": "bamboo_katana_1",
			"from": [14.05, -0.8, 0.3],
			"to": [14.6, -0.25, 3.05],
			"rotation": {"angle": 0, "axis": "y", "origin": [-0.8, -0.8, -0.8]},
			"faces": {
				"north": {"uv": [14, 1, 13.5, 1.5], "texture": "#0"},
				"east": {"uv": [13.5, 1, 14, 3.5], "rotation": 90, "texture": "#0"},
				"south": {"uv": [13.5, 3, 14, 3.5], "texture": "#0"},
				"west": {"uv": [13.5, 1, 14, 3.5], "rotation": 270, "texture": "#0"},
				"up": {"uv": [13.5, 1, 14, 3.5], "texture": "#0"},
				"down": {"uv": [13.5, 3.5, 14, 1], "texture": "#0"}
			}
		},
		{
			"name": "bamboo_katana_2",
			"from": [11.3, -0.8, 0.85],
			"to": [12.95, -0.25, 1.4],
			"rotation": {"angle": 0, "axis": "y", "origin": [-0.8, -0.8, -0.8]},
			"faces": {
				"north": {"uv": [12.5, 1.5, 11, 2], "texture": "#0"},
				"east": {"uv": [12, 1.5, 12.5, 2], "rotation": 90, "texture": "#0"},
				"south": {"uv": [11, 1.5, 12.5, 2], "texture": "#0"},
				"west": {"uv": [11, 1.5, 11.5, 2], "rotation": 270, "texture": "#0"},
				"up": {"uv": [11, 1.5, 12.5, 2], "texture": "#0"},
				"down": {"uv": [11, 2, 12.5, 1.5], "texture": "#0"}
			}
		},
		{
			"name": "bamboo_katana_3",
			"from": [13.5, -0.8, 0.85],
			"to": [14.05, -0.25, 3.6],
			"rotation": {"angle": 0, "axis": "y", "origin": [-0.8, -0.8, -0.8]},
			"faces": {
				"north": {"uv": [13.5, 1.5, 13, 2], "texture": "#0"},
				"east": {"uv": [13, 1.5, 13.5, 4], "rotation": 90, "texture": "#0"},
				"south": {"uv": [13, 3.5, 13.5, 4], "texture": "#0"},
				"west": {"uv": [13, 1.5, 13.5, 4], "rotation": 270, "texture": "#0"},
				"up": {"uv": [13, 1.5, 13.5, 4], "texture": "#0"},
				"down": {"uv": [13, 4, 13.5, 1.5], "texture": "#0"}
			}
		},
		{
			"name": "bamboo_katana_4",
			"from": [11.85, -0.8, 1.4],
			"to": [13.5, -0.25, 1.95],
			"rotation": {"angle": 0, "axis": "y", "origin": [-0.8, -0.8, -0.8]},
			"faces": {
				"north": {"uv": [13, 2, 11.5, 2.5], "texture": "#0"},
				"east": {"uv": [12.5, 2, 13, 2.5], "rotation": 90, "texture": "#0"},
				"south": {"uv": [11.5, 2, 13, 2.5], "texture": "#0"},
				"west": {"uv": [11.5, 2, 12, 2.5], "rotation": 270, "texture": "#0"},
				"up": {"uv": [11.5, 2, 13, 2.5], "texture": "#0"},
				"down": {"uv": [11.5, 2.5, 13, 2], "texture": "#0"}
			}
		},
		{
			"name": "bamboo_katana_5",
			"from": [14.6, -0.8, 1.4],
			"to": [15.7, -0.25, 1.95],
			"rotation": {"angle": 0, "axis": "y", "origin": [-0.8, -0.8, -0.8]},
			"faces": {
				"north": {"uv": [15, 2, 14, 2.5], "texture": "#0"},
				"east": {"uv": [14.5, 2, 15, 2.5], "rotation": 90, "texture": "#0"},
				"south": {"uv": [14, 2, 15, 2.5], "texture": "#0"},
				"west": {"uv": [14, 2, 14.5, 2.5], "rotation": 270, "texture": "#0"},
				"up": {"uv": [14, 2, 15, 2.5], "texture": "#0"},
				"down": {"uv": [14, 2.5, 15, 2], "texture": "#0"}
			}
		},
		{
			"name": "bamboo_katana_6",
			"from": [12.4, -0.8, 1.95],
			"to": [13.5, -0.25, 4.15],
			"rotation": {"angle": 0, "axis": "y", "origin": [-0.8, -0.8, -0.8]},
			"faces": {
				"north": {"uv": [13, 2.5, 12, 3], "texture": "#0"},
				"east": {"uv": [12.5, 2.5, 13, 4.5], "rotation": 90, "texture": "#0"},
				"south": {"uv": [12, 4, 13, 4.5], "texture": "#0"},
				"west": {"uv": [12, 2.5, 12.5, 4.5], "rotation": 270, "texture": "#0"},
				"up": {"uv": [12, 2.5, 13, 4.5], "texture": "#0"},
				"down": {"uv": [12, 4.5, 13, 2.5], "texture": "#0"}
			}
		},
		{
			"name": "bamboo_katana_7",
			"from": [14.6, -0.8, 1.95],
			"to": [15.15, -0.25, 2.5],
			"rotation": {"angle": 0, "axis": "y", "origin": [-0.8, -0.8, -0.8]},
			"faces": {
				"north": {"uv": [14.5, 2.5, 14, 3], "texture": "#0"},
				"east": {"uv": [14, 2.5, 14.5, 3], "rotation": 90, "texture": "#0"},
				"south": {"uv": [14, 2.5, 14.5, 3], "texture": "#0"},
				"west": {"uv": [14, 2.5, 14.5, 3], "rotation": 270, "texture": "#0"},
				"up": {"uv": [14, 2.5, 14.5, 3], "texture": "#0"},
				"down": {"uv": [14, 3, 14.5, 2.5], "texture": "#0"}
			}
		},
		{
			"name": "bamboo_katana_8",
			"from": [11.85, -0.8, 2.5],
			"to": [12.4, -0.25, 5.25],
			"rotation": {"angle": 0, "axis": "y", "origin": [-0.8, -0.8, -0.8]},
			"faces": {
				"north": {"uv": [12, 3, 11.5, 3.5], "texture": "#0"},
				"east": {"uv": [11.5, 3, 12, 5.5], "rotation": 90, "texture": "#0"},
				"south": {"uv": [11.5, 5, 12, 5.5], "texture": "#0"},
				"west": {"uv": [11.5, 3, 12, 5.5], "rotation": 270, "texture": "#0"},
				"up": {"uv": [11.5, 3, 12, 5.5], "texture": "#0"},
				"down": {"uv": [11.5, 5.5, 12, 3], "texture": "#0"}
			}
		},
		{
			"name": "bamboo_katana_9",
			"from": [11.3, -0.8, 3.05],
			"to": [11.85, -0.25, 5.8],
			"rotation": {"angle": 0, "axis": "y", "origin": [-0.8, -0.8, -0.8]},
			"faces": {
				"north": {"uv": [11.5, 3.5, 11, 4], "texture": "#0"},
				"east": {"uv": [11, 3.5, 11.5, 6], "rotation": 90, "texture": "#0"},
				"south": {"uv": [11, 5.5, 11.5, 6], "texture": "#0"},
				"west": {"uv": [11, 3.5, 11.5, 6], "rotation": 270, "texture": "#0"},
				"up": {"uv": [11, 3.5, 11.5, 6], "texture": "#0"},
				"down": {"uv": [11, 6, 11.5, 3.5], "texture": "#0"}
			}
		},
		{
			"name": "bamboo_katana_10",
			"from": [10.75, -0.8, 3.6],
			"to": [11.3, -0.25, 6.35],
			"rotation": {"angle": 0, "axis": "y", "origin": [-0.8, -0.8, -0.8]},
			"faces": {
				"north": {"uv": [11, 4, 10.5, 4.5], "texture": "#0"},
				"east": {"uv": [10.5, 4, 11, 6.5], "rotation": 90, "texture": "#0"},
				"south": {"uv": [10.5, 6, 11, 6.5], "texture": "#0"},
				"west": {"uv": [10.5, 4, 11, 6.5], "rotation": 270, "texture": "#0"},
				"up": {"uv": [10.5, 4, 11, 6.5], "texture": "#0"},
				"down": {"uv": [10.5, 6.5, 11, 4], "texture": "#0"}
			}
		},
		{
			"name": "bamboo_katana_11",
			"from": [10.2, -0.8, 4.15],
			"to": [10.75, -0.25, 6.9],
			"rotation": {"angle": 0, "axis": "y", "origin": [-0.8, -0.8, -0.8]},
			"faces": {
				"north": {"uv": [10.5, 4.5, 10, 5], "texture": "#0"},
				"east": {"uv": [10, 4.5, 10.5, 7], "rotation": 90, "texture": "#0"},
				"south": {"uv": [10, 6.5, 10.5, 7], "texture": "#0"},
				"west": {"uv": [10, 4.5, 10.5, 7], "rotation": 270, "texture": "#0"},
				"up": {"uv": [10, 4.5, 10.5, 7], "texture": "#0"},
				"down": {"uv": [10, 7, 10.5, 4.5], "texture": "#0"}
			}
		},
		{
			"name": "bamboo_katana_12",
			"from": [12.4, -0.8, 4.15],
			"to": [12.95, -0.25, 4.7],
			"rotation": {"angle": 0, "axis": "y", "origin": [-0.8, -0.8, -0.8]},
			"faces": {
				"north": {"uv": [12.5, 4.5, 12, 5], "texture": "#0"},
				"east": {"uv": [12, 4.5, 12.5, 5], "rotation": 90, "texture": "#0"},
				"south": {"uv": [12, 4.5, 12.5, 5], "texture": "#0"},
				"west": {"uv": [12, 4.5, 12.5, 5], "rotation": 270, "texture": "#0"},
				"up": {"uv": [12, 4.5, 12.5, 5], "texture": "#0"},
				"down": {"uv": [12, 5, 12.5, 4.5], "texture": "#0"}
			}
		},
		{
			"name": "bamboo_katana_13",
			"from": [9.65, -0.8, 4.7],
			"to": [10.2, -0.25, 7.45],
			"rotation": {"angle": 0, "axis": "y", "origin": [-0.8, -0.8, -0.8]},
			"faces": {
				"north": {"uv": [10, 5, 9.5, 5.5], "texture": "#0"},
				"east": {"uv": [9.5, 5, 10, 7.5], "rotation": 90, "texture": "#0"},
				"south": {"uv": [9.5, 7, 10, 7.5], "texture": "#0"},
				"west": {"uv": [9.5, 5, 10, 7.5], "rotation": 270, "texture": "#0"},
				"up": {"uv": [9.5, 5, 10, 7.5], "texture": "#0"},
				"down": {"uv": [9.5, 7.5, 10, 5], "texture": "#0"}
			}
		},
		{
			"name": "bamboo_katana_14",
			"from": [9.1, -0.8, 5.25],
			"to": [9.65, -0.25, 8],
			"rotation": {"angle": 0, "axis": "y", "origin": [-0.8, -0.8, -0.8]},
			"faces": {
				"north": {"uv": [9.5, 5.5, 9, 6], "texture": "#0"},
				"east": {"uv": [9, 5.5, 9.5, 8], "rotation": 90, "texture": "#0"},
				"south": {"uv": [9, 7.5, 9.5, 8], "texture": "#0"},
				"west": {"uv": [9, 5.5, 9.5, 8], "rotation": 270, "texture": "#0"},
				"up": {"uv": [9, 5.5, 9.5, 8], "texture": "#0"},
				"down": {"uv": [9, 8, 9.5, 5.5], "texture": "#0"}
			}
		},
		{
			"name": "bamboo_katana_15",
			"from": [8.55, -0.8, 5.8],
			"to": [9.1, -0.25, 8.55],
			"rotation": {"angle": 0, "axis": "y", "origin": [-0.8, -0.8, -0.8]},
			"faces": {
				"north": {"uv": [9, 6, 8.5, 6.5], "texture": "#0"},
				"east": {"uv": [8.5, 6, 9, 8.5], "rotation": 90, "texture": "#0"},
				"south": {"uv": [8.5, 8, 9, 8.5], "texture": "#0"},
				"west": {"uv": [8.5, 6, 9, 8.5], "rotation": 270, "texture": "#0"},
				"up": {"uv": [8.5, 6, 9, 8.5], "texture": "#0"},
				"down": {"uv": [8.5, 8.5, 9, 6], "texture": "#0"}
			}
		},
		{
			"name": "bamboo_katana_16",
			"from": [8, -0.8, 6.35],
			"to": [8.55, -0.25, 9.65],
			"rotation": {"angle": 0, "axis": "y", "origin": [-0.8, -0.8, -0.8]},
			"faces": {
				"north": {"uv": [8.5, 6.5, 8, 7], "texture": "#0"},
				"east": {"uv": [8, 6.5, 8.5, 9.5], "rotation": 90, "texture": "#0"},
				"south": {"uv": [8, 9, 8.5, 9.5], "texture": "#0"},
				"west": {"uv": [8, 6.5, 8.5, 9.5], "rotation": 270, "texture": "#0"},
				"up": {"uv": [8, 6.5, 8.5, 9.5], "texture": "#0"},
				"down": {"uv": [8, 9.5, 8.5, 6.5], "texture": "#0"}
			}
		},
		{
			"name": "bamboo_katana_17",
			"from": [7.45, -0.8, 6.9],
			"to": [8, -0.25, 9.65],
			"rotation": {"angle": 0, "axis": "y", "origin": [-0.8, -0.8, -0.8]},
			"faces": {
				"north": {"uv": [8, 7, 7.5, 7.5], "texture": "#0"},
				"east": {"uv": [7.5, 7, 8, 9.5], "rotation": 90, "texture": "#0"},
				"south": {"uv": [7.5, 9, 8, 9.5], "texture": "#0"},
				"west": {"uv": [7.5, 7, 8, 9.5], "rotation": 270, "texture": "#0"},
				"up": {"uv": [7.5, 7, 8, 9.5], "texture": "#0"},
				"down": {"uv": [7.5, 9.5, 8, 7], "texture": "#0"}
			}
		},
		{
			"name": "bamboo_katana_18",
			"from": [6.9, -0.8, 7.45],
			"to": [7.45, -0.25, 12.4],
			"rotation": {"angle": 0, "axis": "y", "origin": [-0.8, -0.8, -0.8]},
			"faces": {
				"north": {"uv": [7.5, 7.5, 7, 8], "texture": "#0"},
				"east": {"uv": [7, 7.5, 7.5, 12], "rotation": 90, "texture": "#0"},
				"south": {"uv": [7, 11.5, 7.5, 12], "texture": "#0"},
				"west": {"uv": [7, 7.5, 7.5, 12], "rotation": 270, "texture": "#0"},
				"up": {"uv": [7, 7.5, 7.5, 12], "texture": "#0"},
				"down": {"uv": [7, 12, 7.5, 7.5], "texture": "#0"}
			}
		},
		{
			"name": "bamboo_katana_19",
			"from": [4.15, -0.8, 8],
			"to": [5.8, -0.25, 11.85],
			"rotation": {"angle": 0, "axis": "y", "origin": [-0.8, -0.8, -0.8]},
			"faces": {
				"north": {"uv": [6, 8, 4.5, 8.5], "texture": "#0"},
				"east": {"uv": [5.5, 8, 6, 11.5], "rotation": 90, "texture": "#0"},
				"south": {"uv": [4.5, 11, 6, 11.5], "texture": "#0"},
				"west": {"uv": [4.5, 8, 5, 11.5], "rotation": 270, "texture": "#0"},
				"up": {"uv": [4.5, 8, 6, 11.5], "texture": "#0"},
				"down": {"uv": [4.5, 11.5, 6, 8], "texture": "#0"}
			}
		},
		{
			"name": "bamboo_katana_20",
			"from": [6.35, -0.8, 8],
			"to": [6.9, -0.25, 12.4],
			"rotation": {"angle": 0, "axis": "y", "origin": [-0.8, -0.8, -0.8]},
			"faces": {
				"north": {"uv": [7, 8, 6.5, 8.5], "texture": "#0"},
				"east": {"uv": [6.5, 8, 7, 12], "rotation": 90, "texture": "#0"},
				"south": {"uv": [6.5, 11.5, 7, 12], "texture": "#0"},
				"west": {"uv": [6.5, 8, 7, 12], "rotation": 270, "texture": "#0"},
				"up": {"uv": [6.5, 8, 7, 12], "texture": "#0"},
				"down": {"uv": [6.5, 12, 7, 8], "texture": "#0"}
			}
		},
		{
			"name": "bamboo_katana_21",
			"from": [3.6, -0.8, 8.55],
			"to": [4.15, -0.25, 10.2],
			"rotation": {"angle": 0, "axis": "y", "origin": [-0.8, -0.8, -0.8]},
			"faces": {
				"north": {"uv": [4.5, 8.5, 4, 9], "texture": "#0"},
				"east": {"uv": [4, 8.5, 4.5, 10], "rotation": 90, "texture": "#0"},
				"south": {"uv": [4, 9.5, 4.5, 10], "texture": "#0"},
				"west": {"uv": [4, 8.5, 4.5, 10], "rotation": 270, "texture": "#0"},
				"up": {"uv": [4, 8.5, 4.5, 10], "texture": "#0"},
				"down": {"uv": [4, 10, 4.5, 8.5], "texture": "#0"}
			}
		},
		{
			"name": "bamboo_katana_22",
			"from": [5.8, -0.8, 8.55],
			"to": [6.35, -0.25, 12.4],
			"rotation": {"angle": 0, "axis": "y", "origin": [-0.8, -0.8, -0.8]},
			"faces": {
				"north": {"uv": [6.5, 8.5, 6, 9], "texture": "#0"},
				"east": {"uv": [6, 8.5, 6.5, 12], "rotation": 90, "texture": "#0"},
				"south": {"uv": [6, 11.5, 6.5, 12], "texture": "#0"},
				"west": {"uv": [6, 8.5, 6.5, 12], "rotation": 270, "texture": "#0"},
				"up": {"uv": [6, 8.5, 6.5, 12], "texture": "#0"},
				"down": {"uv": [6, 12, 6.5, 8.5], "texture": "#0"}
			}
		},
		{
			"name": "bamboo_katana_23",
			"from": [8.55, -0.8, 9.1],
			"to": [9.65, -0.25, 10.2],
			"rotation": {"angle": 0, "axis": "y", "origin": [-0.8, -0.8, -0.8]},
			"faces": {
				"north": {"uv": [9.5, 9, 8.5, 9.5], "texture": "#0"},
				"east": {"uv": [9, 9, 9.5, 10], "rotation": 90, "texture": "#0"},
				"south": {"uv": [8.5, 9.5, 9.5, 10], "texture": "#0"},
				"west": {"uv": [8.5, 9, 9, 10], "rotation": 270, "texture": "#0"},
				"up": {"uv": [8.5, 9, 9.5, 10], "texture": "#0"},
				"down": {"uv": [8.5, 10, 9.5, 9], "texture": "#0"}
			}
		},
		{
			"name": "bamboo_katana_24",
			"from": [7.45, -0.8, 10.2],
			"to": [8, -0.25, 11.85],
			"rotation": {"angle": 0, "axis": "y", "origin": [-0.8, -0.8, -0.8]},
			"faces": {
				"north": {"uv": [8, 10, 7.5, 10.5], "texture": "#0"},
				"east": {"uv": [7.5, 10, 8, 11.5], "rotation": 90, "texture": "#0"},
				"south": {"uv": [7.5, 11, 8, 11.5], "texture": "#0"},
				"west": {"uv": [7.5, 10, 8, 11.5], "rotation": 270, "texture": "#0"},
				"up": {"uv": [7.5, 10, 8, 11.5], "texture": "#0"},
				"down": {"uv": [7.5, 11.5, 8, 10], "texture": "#0"}
			}
		},
		{
			"name": "bamboo_katana_25",
			"from": [9.1, -0.8, 10.2],
			"to": [9.65, -0.25, 10.75],
			"rotation": {"angle": 0, "axis": "y", "origin": [-0.8, -0.8, -0.8]},
			"faces": {
				"north": {"uv": [9.5, 10, 9, 10.5], "texture": "#0"},
				"east": {"uv": [9, 10, 9.5, 10.5], "rotation": 90, "texture": "#0"},
				"south": {"uv": [9, 10, 9.5, 10.5], "texture": "#0"},
				"west": {"uv": [9, 10, 9.5, 10.5], "rotation": 270, "texture": "#0"},
				"up": {"uv": [9, 10, 9.5, 10.5], "texture": "#0"},
				"down": {"uv": [9, 10.5, 9.5, 10], "texture": "#0"}
			}
		},
		{
			"name": "bamboo_katana_26",
			"from": [3.6, -0.8, 10.75],
			"to": [4.15, -0.25, 13.5],
			"rotation": {"angle": 0, "axis": "y", "origin": [-0.8, -0.8, -0.8]},
			"faces": {
				"north": {"uv": [4.5, 10.5, 4, 11], "texture": "#0"},
				"east": {"uv": [4, 10.5, 4.5, 13], "rotation": 90, "texture": "#0"},
				"south": {"uv": [4, 12.5, 4.5, 13], "texture": "#0"},
				"west": {"uv": [4, 10.5, 4.5, 13], "rotation": 270, "texture": "#0"},
				"up": {"uv": [4, 10.5, 4.5, 13], "texture": "#0"},
				"down": {"uv": [4, 13, 4.5, 10.5], "texture": "#0"}
			}
		},
		{
			"name": "bamboo_katana_27",
			"from": [3.05, -0.8, 11.3],
			"to": [3.6, -0.25, 14.05],
			"rotation": {"angle": 0, "axis": "y", "origin": [-0.8, -0.8, -0.8]},
			"faces": {
				"north": {"uv": [4, 11, 3.5, 11.5], "texture": "#0"},
				"east": {"uv": [3.5, 11, 4, 13.5], "rotation": 90, "texture": "#0"},
				"south": {"uv": [3.5, 13, 4, 13.5], "texture": "#0"},
				"west": {"uv": [3.5, 11, 4, 13.5], "rotation": 270, "texture": "#0"},
				"up": {"uv": [3.5, 11, 4, 13.5], "texture": "#0"},
				"down": {"uv": [3.5, 13.5, 4, 11], "texture": "#0"}
			}
		},
		{
			"name": "bamboo_katana_28",
			"from": [2.5, -0.8, 11.85],
			"to": [3.05, -0.25, 14.6],
			"rotation": {"angle": 0, "axis": "y", "origin": [-0.8, -0.8, -0.8]},
			"faces": {
				"north": {"uv": [3.5, 11.5, 3, 12], "texture": "#0"},
				"east": {"uv": [3, 11.5, 3.5, 14], "rotation": 90, "texture": "#0"},
				"south": {"uv": [3, 13.5, 3.5, 14], "texture": "#0"},
				"west": {"uv": [3, 11.5, 3.5, 14], "rotation": 270, "texture": "#0"},
				"up": {"uv": [3, 11.5, 3.5, 14], "texture": "#0"},
				"down": {"uv": [3, 14, 3.5, 11.5], "texture": "#0"}
			}
		},
		{
			"name": "bamboo_katana_29",
			"from": [4.15, -0.8, 11.85],
			"to": [5.25, -0.25, 12.4],
			"rotation": {"angle": 0, "axis": "y", "origin": [-0.8, -0.8, -0.8]},
			"faces": {
				"north": {"uv": [5.5, 11.5, 4.5, 12], "texture": "#0"},
				"east": {"uv": [5, 11.5, 5.5, 12], "rotation": 90, "texture": "#0"},
				"south": {"uv": [4.5, 11.5, 5.5, 12], "texture": "#0"},
				"west": {"uv": [4.5, 11.5, 5, 12], "rotation": 270, "texture": "#0"},
				"up": {"uv": [4.5, 11.5, 5.5, 12], "texture": "#0"},
				"down": {"uv": [4.5, 12, 5.5, 11.5], "texture": "#0"}
			}
		},
		{
			"name": "bamboo_katana_30",
			"from": [1.95, -0.8, 12.4],
			"to": [2.5, -0.25, 15.15],
			"rotation": {"angle": 0, "axis": "y", "origin": [-0.8, -0.8, -0.8]},
			"faces": {
				"north": {"uv": [3, 12, 2.5, 12.5], "texture": "#0"},
				"east": {"uv": [2.5, 12, 3, 14.5], "rotation": 90, "texture": "#0"},
				"south": {"uv": [2.5, 14, 3, 14.5], "texture": "#0"},
				"west": {"uv": [2.5, 12, 3, 14.5], "rotation": 270, "texture": "#0"},
				"up": {"uv": [2.5, 12, 3, 14.5], "texture": "#0"},
				"down": {"uv": [2.5, 14.5, 3, 12], "texture": "#0"}
			}
		},
		{
			"name": "bamboo_katana_31",
			"from": [4.15, -0.8, 12.4],
			"to": [4.7, -0.25, 12.95],
			"rotation": {"angle": 0, "axis": "y", "origin": [-0.8, -0.8, -0.8]},
			"faces": {
				"north": {"uv": [5, 12, 4.5, 12.5], "texture": "#0"},
				"east": {"uv": [4.5, 12, 5, 12.5], "rotation": 90, "texture": "#0"},
				"south": {"uv": [4.5, 12, 5, 12.5], "texture": "#0"},
				"west": {"uv": [4.5, 12, 5, 12.5], "rotation": 270, "texture": "#0"},
				"up": {"uv": [4.5, 12, 5, 12.5], "texture": "#0"},
				"down": {"uv": [4.5, 12.5, 5, 12], "texture": "#0"}
			}
		},
		{
			"name": "bamboo_katana_32",
			"from": [1.4, -0.8, 12.95],
			"to": [1.95, -0.25, 15.7],
			"rotation": {"angle": 0, "axis": "y", "origin": [-0.8, -0.8, -0.8]},
			"faces": {
				"north": {"uv": [2.5, 12.5, 2, 13], "texture": "#0"},
				"east": {"uv": [2, 12.5, 2.5, 15], "rotation": 90, "texture": "#0"},
				"south": {"uv": [2, 14.5, 2.5, 15], "texture": "#0"},
				"west": {"uv": [2, 12.5, 2.5, 15], "rotation": 270, "texture": "#0"},
				"up": {"uv": [2, 12.5, 2.5, 15], "texture": "#0"},
				"down": {"uv": [2, 15, 2.5, 12.5], "texture": "#0"}
			}
		},
		{
			"name": "bamboo_katana_33",
			"from": [0.85, -0.8, 13.5],
			"to": [1.4, -0.25, 16.25],
			"rotation": {"angle": 0, "axis": "y", "origin": [-0.8, -0.8, -0.8]},
			"faces": {
				"north": {"uv": [2, 13, 1.5, 13.5], "texture": "#0"},
				"east": {"uv": [1.5, 13, 2, 15.5], "rotation": 90, "texture": "#0"},
				"south": {"uv": [1.5, 15, 2, 15.5], "texture": "#0"},
				"west": {"uv": [1.5, 13, 2, 15.5], "rotation": 270, "texture": "#0"},
				"up": {"uv": [1.5, 13, 2, 15.5], "texture": "#0"},
				"down": {"uv": [1.5, 15.5, 2, 13], "texture": "#0"}
			}
		},
		{
			"name": "bamboo_katana_34",
			"from": [0.3, -0.8, 14.05],
			"to": [0.85, -0.25, 16.25],
			"rotation": {"angle": 0, "axis": "y", "origin": [-0.8, -0.8, -0.8]},
			"faces": {
				"north": {"uv": [1.5, 13.5, 1, 14], "texture": "#0"},
				"east": {"uv": [1, 13.5, 1.5, 15.5], "rotation": 90, "texture": "#0"},
				"south": {"uv": [1, 15, 1.5, 15.5], "texture": "#0"},
				"west": {"uv": [1, 13.5, 1.5, 15.5], "rotation": 270, "texture": "#0"},
				"up": {"uv": [1, 13.5, 1.5, 15.5], "texture": "#0"},
				"down": {"uv": [1, 15.5, 1.5, 13.5], "texture": "#0"}
			}
		},
		{
			"name": "bamboo_katana_35",
			"from": [-0.25, -0.8, 14.6],
			"to": [0.3, -0.25, 15.7],
			"rotation": {"angle": 0, "axis": "y", "origin": [-0.8, -0.8, -0.8]},
			"faces": {
				"north": {"uv": [1, 14, 0.5, 14.5], "texture": "#0"},
				"east": {"uv": [0.5, 14, 1, 15], "rotation": 90, "texture": "#0"},
				"south": {"uv": [0.5, 14.5, 1, 15], "texture": "#0"},
				"west": {"uv": [0.5, 14, 1, 15], "rotation": 270, "texture": "#0"},
				"up": {"uv": [0.5, 14, 1, 15], "texture": "#0"},
				"down": {"uv": [0.5, 15, 1, 14], "texture": "#0"}
			}
		}
	],
	"display": {
		"thirdperson_righthand": {
			"rotation": [145.11, 0.08, -89.24],
			"translation": [8.75, 6.25, 3]
		},
		"thirdperson_lefthand": {
			"rotation": [56.73, 0.55, -93.49],
			"translation": [9.5, 6.25, 3.25]
		},
		"firstperson_righthand": {
			"rotation": [38.58, 5.07, 83.15],
			"translation": [0, 1.25, -9.5],
			"scale": [1.63, 1, 1.63]
		},
		"firstperson_lefthand": {
			"rotation": [47.97, 5.4, -96.84],
			"translation": [17.75, 2, -11],
			"scale": [1.63, 1, 1.63]
		},
		"ground": {
			"rotation": [-173.84, 19.82, -91.84]
		},
		"gui": {
			"rotation": [90, 0, 0]
		},
		"fixed": {
			"rotation": [90, 0, 0],
			"translation": [0, 0, 9.25]
		}
	},
	"groups": [
		{
			"name": "bamboo_katana",
			"origin": [8, 8, 8],
			"color": 0,
			"children": [0, 1, 2, 3, 4, 5, 6, 7, 8, 9, 10, 11, 12, 13, 14, 15, 16, 17, 18, 19, 20, 21, 22, 23, 24, 25, 26, 27, 28, 29, 30, 31, 32, 33, 34, 35]
		}
	]
}