{
	"credit": "Made with Blockbench",
	"textures": {
		"0": "elucidator_sword",
		"particle": "elucidator_sword"
	},
	"elements": [
		{
			"name": "elucidator_sword_0",
			"from": [14, 14, 0],
			"to": [16, 16, 0.5],
			"faces": {
				"north": {"uv": [16, 0, 14, 2], "texture": "#0"},
				"east": {"uv": [15.5, 0, 16, 2], "texture": "#0"},
				"south": {"uv": [14, 0, 16, 2], "texture": "#0"},
				"west": {"uv": [14, 0, 14.5, 2], "texture": "#0"},
				"up": {"uv": [14, 0, 16, 0.5], "texture": "#0"},
				"down": {"uv": [14, 1.5, 16, 2], "texture": "#0"}
			}
		},
		{
			"name": "elucidator_sword_1",
			"from": [13.5, 12, 0],
			"to": [14, 15.5, 0.5],
			"faces": {
				"north": {"uv": [14, 0.5, 13.5, 4], "texture": "#0"},
				"east": {"uv": [13.5, 0.5, 14, 4], "texture": "#0"},
				"south": {"uv": [13.5, 0.5, 14, 4], "texture": "#0"},
				"west": {"uv": [13.5, 0.5, 14, 4], "texture": "#0"},
				"up": {"uv": [13.5, 0.5, 14, 1], "texture": "#0"},
				"down": {"uv": [13.5, 3.5, 14, 4], "texture": "#0"}
			}
		},
		{
			"name": "elucidator_sword_2",
			"from": [13, 11.5, 0],
			"to": [13.5, 15, 0.5],
			"faces": {
				"north": {"uv": [13.5, 1, 13, 4.5], "texture": "#0"},
				"east": {"uv": [13, 1, 13.5, 4.5], "texture": "#0"},
				"south": {"uv": [13, 1, 13.5, 4.5], "texture": "#0"},
				"west": {"uv": [13, 1, 13.5, 4.5], "texture": "#0"},
				"up": {"uv": [13, 1, 13.5, 1.5], "texture": "#0"},
				"down": {"uv": [13, 4, 13.5, 4.5], "texture": "#0"}
			}
		},
		{
			"name": "elucidator_sword_3",
			"from": [12.5, 11, 0],
			"to": [13, 14.5, 0.5],
			"faces": {
				"north": {"uv": [13, 1.5, 12.5, 5], "texture": "#0"},
				"east": {"uv": [12.5, 1.5, 13, 5], "texture": "#0"},
				"south": {"uv": [12.5, 1.5, 13, 5], "texture": "#0"},
				"west": {"uv": [12.5, 1.5, 13, 5], "texture": "#0"},
				"up": {"uv": [12.5, 1.5, 13, 2], "texture": "#0"},
				"down": {"uv": [12.5, 4.5, 13, 5], "texture": "#0"}
			}
		},
		{
			"name": "elucidator_sword_4",
			"from": [12, 10.5, 0],
			"to": [12.5, 14, 0.5],
			"faces": {
				"north": {"uv": [12.5, 2, 12, 5.5], "texture": "#0"},
				"east": {"uv": [12, 2, 12.5, 5.5], "texture": "#0"},
				"south": {"uv": [12, 2, 12.5, 5.5], "texture": "#0"},
				"west": {"uv": [12, 2, 12.5, 5.5], "texture": "#0"},
				"up": {"uv": [12, 2, 12.5, 2.5], "texture": "#0"},
				"down": {"uv": [12, 5, 12.5, 5.5], "texture": "#0"}
			}
		},
		{
			"name": "elucidator_sword_5",
			"from": [14, 13, 0],
			"to": [15, 14, 0.5],
			"faces": {
				"north": {"uv": [15, 2, 14, 3], "texture": "#0"},
				"east": {"uv": [14.5, 2, 15, 3], "texture": "#0"},
				"south": {"uv": [14, 2, 15, 3], "texture": "#0"},
				"west": {"uv": [14, 2, 14.5, 3], "texture": "#0"},
				"up": {"uv": [14, 2, 15, 2.5], "texture": "#0"},
				"down": {"uv": [14, 2.5, 15, 3], "texture": "#0"}
			}
		},
		{
			"name": "elucidator_sword_6",
			"from": [15, 13.5, 0],
			"to": [15.5, 14, 0.5],
			"faces": {
				"north": {"uv": [15.5, 2, 15, 2.5], "texture": "#0"},
				"east": {"uv": [15, 2, 15.5, 2.5], "texture": "#0"},
				"south": {"uv": [15, 2, 15.5, 2.5], "texture": "#0"},
				"west": {"uv": [15, 2, 15.5, 2.5], "texture": "#0"},
				"up": {"uv": [15, 2, 15.5, 2.5], "texture": "#0"},
				"down": {"uv": [15, 2, 15.5, 2.5], "texture": "#0"}
			}
		},
		{
			"name": "elucidator_sword_7",
			"from": [11.5, 10, 0],
			"to": [12, 13.5, 0.5],
			"faces": {
				"north": {"uv": [12, 2.5, 11.5, 6], "texture": "#0"},
				"east": {"uv": [11.5, 2.5, 12, 6], "texture": "#0"},
				"south": {"uv": [11.5, 2.5, 12, 6], "texture": "#0"},
				"west": {"uv": [11.5, 2.5, 12, 6], "texture": "#0"},
				"up": {"uv": [11.5, 2.5, 12, 3], "texture": "#0"},
				"down": {"uv": [11.5, 5.5, 12, 6], "texture": "#0"}
			}
		},
		{
			"name": "elucidator_sword_8",
			"from": [11, 9.5, 0],
			"to": [11.5, 13, 0.5],
			"faces": {
				"north": {"uv": [11.5, 3, 11, 6.5], "texture": "#0"},
				"east": {"uv": [11, 3, 11.5, 6.5], "texture": "#0"},
				"south": {"uv": [11, 3, 11.5, 6.5], "texture": "#0"},
				"west": {"uv": [11, 3, 11.5, 6.5], "texture": "#0"},
				"up": {"uv": [11, 3, 11.5, 3.5], "texture": "#0"},
				"down": {"uv": [11, 6, 11.5, 6.5], "texture": "#0"}
			}
		},
		{
			"name": "elucidator_sword_9",
			"from": [14, 12.5, 0],
			"to": [14.5, 13, 0.5],
			"faces": {
				"north": {"uv": [14.5, 3, 14, 3.5], "texture": "#0"},
				"east": {"uv": [14, 3, 14.5, 3.5], "texture": "#0"},
				"south": {"uv": [14, 3, 14.5, 3.5], "texture": "#0"},
				"west": {"uv": [14, 3, 14.5, 3.5], "texture": "#0"},
				"up": {"uv": [14, 3, 14.5, 3.5], "texture": "#0"},
				"down": {"uv": [14, 3, 14.5, 3.5], "texture": "#0"}
			}
		},
		{
			"name": "elucidator_sword_10",
			"from": [10.5, 9, 0],
			"to": [11, 12.5, 0.5],
			"faces": {
				"north": {"uv": [11, 3.5, 10.5, 7], "texture": "#0"},
				"east": {"uv": [10.5, 3.5, 11, 7], "texture": "#0"},
				"south": {"uv": [10.5, 3.5, 11, 7], "texture": "#0"},
				"west": {"uv": [10.5, 3.5, 11, 7], "texture": "#0"},
				"up": {"uv": [10.5, 3.5, 11, 4], "texture": "#0"},
				"down": {"uv": [10.5, 6.5, 11, 7], "texture": "#0"}
			}
		},
		{
			"name": "elucidator_sword_11",
			"from": [10, 8.5, 0],
			"to": [10.5, 12, 0.5],
			"faces": {
				"north": {"uv": [10.5, 4, 10, 7.5], "texture": "#0"},
				"east": {"uv": [10, 4, 10.5, 7.5], "texture": "#0"},
				"south": {"uv": [10, 4, 10.5, 7.5], "texture": "#0"},
				"west": {"uv": [10, 4, 10.5, 7.5], "texture": "#0"},
				"up": {"uv": [10, 4, 10.5, 4.5], "texture": "#0"},
				"down": {"uv": [10, 7, 10.5, 7.5], "texture": "#0"}
			}
		},
		{
			"name": "elucidator_sword_12",
			"from": [9.5, 8, 0],
			"to": [10, 11.5, 0.5],
			"faces": {
				"north": {"uv": [10, 4.5, 9.5, 8], "texture": "#0"},
				"east": {"uv": [9.5, 4.5, 10, 8], "texture": "#0"},
				"south": {"uv": [9.5, 4.5, 10, 8], "texture": "#0"},
				"west": {"uv": [9.5, 4.5, 10, 8], "texture": "#0"},
				"up": {"uv": [9.5, 4.5, 10, 5], "texture": "#0"},
				"down": {"uv": [9.5, 7.5, 10, 8], "texture": "#0"}
			}
		},
		{
			"name": "elucidator_sword_13",
			"from": [9, 7.5, 0],
			"to": [9.5, 11, 0.5],
			"faces": {
				"north": {"uv": [9.5, 5, 9, 8.5], "texture": "#0"},
				"east": {"uv": [9, 5, 9.5, 8.5], "texture": "#0"},
				"south": {"uv": [9, 5, 9.5, 8.5], "texture": "#0"},
				"west": {"uv": [9, 5, 9.5, 8.5], "texture": "#0"},
				"up": {"uv": [9, 5, 9.5, 5.5], "texture": "#0"},
				"down": {"uv": [9, 8, 9.5, 8.5], "texture": "#0"}
			}
		},
		{
			"name": "elucidator_sword_14",
			"from": [8.5, 7, 0],
			"to": [9, 10.5, 0.5],
			"faces": {
				"north": {"uv": [9, 5.5, 8.5, 9], "texture": "#0"},
				"east": {"uv": [8.5, 5.5, 9, 9], "texture": "#0"},
				"south": {"uv": [8.5, 5.5, 9, 9], "texture": "#0"},
				"west": {"uv": [8.5, 5.5, 9, 9], "texture": "#0"},
				"up": {"uv": [8.5, 5.5, 9, 6], "texture": "#0"},
				"down": {"uv": [8.5, 8.5, 9, 9], "texture": "#0"}
			}
		},
		{
			"name": "elucidator_sword_15",
			"from": [8, 6.5, 0],
			"to": [8.5, 10, 0.5],
			"faces": {
				"north": {"uv": [8.5, 6, 8, 9.5], "texture": "#0"},
				"east": {"uv": [8, 6, 8.5, 9.5], "texture": "#0"},
				"south": {"uv": [8, 6, 8.5, 9.5], "texture": "#0"},
				"west": {"uv": [8, 6, 8.5, 9.5], "texture": "#0"},
				"up": {"uv": [8, 6, 8.5, 6.5], "texture": "#0"},
				"down": {"uv": [8, 9, 8.5, 9.5], "texture": "#0"}
			}
		},
		{
			"name": "elucidator_sword_16",
			"from": [7.5, 6, 0],
			"to": [8, 9.5, 0.5],
			"faces": {
				"north": {"uv": [8, 6.5, 7.5, 10], "texture": "#0"},
				"east": {"uv": [7.5, 6.5, 8, 10], "texture": "#0"},
				"south": {"uv": [7.5, 6.5, 8, 10], "texture": "#0"},
				"west": {"uv": [7.5, 6.5, 8, 10], "texture": "#0"},
				"up": {"uv": [7.5, 6.5, 8, 7], "texture": "#0"},
				"down": {"uv": [7.5, 9.5, 8, 10], "texture": "#0"}
			}
		},
		{
			"name": "elucidator_sword_17",
			"from": [2.5, 8, 0],
			"to": [3.5, 9, 0.5],
			"faces": {
				"north": {"uv": [3.5, 7, 2.5, 8], "texture": "#0"},
				"east": {"uv": [3, 7, 3.5, 8], "texture": "#0"},
				"south": {"uv": [2.5, 7, 3.5, 8], "texture": "#0"},
				"west": {"uv": [2.5, 7, 3, 8], "texture": "#0"},
				"up": {"uv": [2.5, 7, 3.5, 7.5], "texture": "#0"},
				"down": {"uv": [2.5, 7.5, 3.5, 8], "texture": "#0"}
			}
		},
		{
			"name": "elucidator_sword_18",
			"from": [3.5, 8.5, 0],
			"to": [4, 9, 0.5],
			"faces": {
				"north": {"uv": [4, 7, 3.5, 7.5], "texture": "#0"},
				"east": {"uv": [3.5, 7, 4, 7.5], "texture": "#0"},
				"south": {"uv": [3.5, 7, 4, 7.5], "texture": "#0"},
				"west": {"uv": [3.5, 7, 4, 7.5], "texture": "#0"},
				"up": {"uv": [3.5, 7, 4, 7.5], "texture": "#0"},
				"down": {"uv": [3.5, 7, 4, 7.5], "texture": "#0"}
			}
		},
		{
			"name": "elucidator_sword_19",
			"from": [7, 5.5, 0],
			"to": [7.5, 9, 0.5],
			"faces": {
				"north": {"uv": [7.5, 7, 7, 10.5], "texture": "#0"},
				"east": {"uv": [7, 7, 7.5, 10.5], "texture": "#0"},
				"south": {"uv": [7, 7, 7.5, 10.5], "texture": "#0"},
				"west": {"uv": [7, 7, 7.5, 10.5], "texture": "#0"},
				"up": {"uv": [7, 7, 7.5, 7.5], "texture": "#0"},
				"down": {"uv": [7, 10, 7.5, 10.5], "texture": "#0"}
			}
		},
		{
			"name": "elucidator_sword_20",
			"from": [2, 5.5, 0],
			"to": [2.5, 8.5, 0.5],
			"faces": {
				"north": {"uv": [2.5, 7.5, 2, 10.5], "texture": "#0"},
				"east": {"uv": [2, 7.5, 2.5, 10.5], "texture": "#0"},
				"south": {"uv": [2, 7.5, 2.5, 10.5], "texture": "#0"},
				"west": {"uv": [2, 7.5, 2.5, 10.5], "texture": "#0"},
				"up": {"uv": [2, 7.5, 2.5, 8], "texture": "#0"},
				"down": {"uv": [2, 10, 2.5, 10.5], "texture": "#0"}
			}
		},
		{
			"name": "elucidator_sword_21",
			"from": [6.5, 5, 0],
			"to": [7, 8.5, 0.5],
			"faces": {
				"north": {"uv": [7, 7.5, 6.5, 11], "texture": "#0"},
				"east": {"uv": [6.5, 7.5, 7, 11], "texture": "#0"},
				"south": {"uv": [6.5, 7.5, 7, 11], "texture": "#0"},
				"west": {"uv": [6.5, 7.5, 7, 11], "texture": "#0"},
				"up": {"uv": [6.5, 7.5, 7, 8], "texture": "#0"},
				"down": {"uv": [6.5, 10.5, 7, 11], "texture": "#0"}
			}
		},
		{
			"name": "elucidator_sword_22",
			"from": [1.5, 6.5, 0],
			"to": [2, 8, 0.5],
			"faces": {
				"north": {"uv": [2, 8, 1.5, 9.5], "texture": "#0"},
				"east": {"uv": [1.5, 8, 2, 9.5], "texture": "#0"},
				"south": {"uv": [1.5, 8, 2, 9.5], "texture": "#0"},
				"west": {"uv": [1.5, 8, 2, 9.5], "texture": "#0"},
				"up": {"uv": [1.5, 8, 2, 8.5], "texture": "#0"},
				"down": {"uv": [1.5, 9, 2, 9.5], "texture": "#0"}
			}
		},
		{
			"name": "elucidator_sword_23",
			"from": [2.5, 5, 0],
			"to": [3, 8, 0.5],
			"faces": {
				"north": {"uv": [3, 8, 2.5, 11], "texture": "#0"},
				"east": {"uv": [2.5, 8, 3, 11], "texture": "#0"},
				"south": {"uv": [2.5, 8, 3, 11], "texture": "#0"},
				"west": {"uv": [2.5, 8, 3, 11], "texture": "#0"},
				"up": {"uv": [2.5, 8, 3, 8.5], "texture": "#0"},
				"down": {"uv": [2.5, 10.5, 3, 11], "texture": "#0"}
			}
		},
		{
			"name": "elucidator_sword_24",
			"from": [6, 4.5, 0],
			"to": [6.5, 8, 0.5],
			"faces": {
				"north": {"uv": [6.5, 8, 6, 11.5], "texture": "#0"},
				"east": {"uv": [6, 8, 6.5, 11.5], "texture": "#0"},
				"south": {"uv": [6, 8, 6.5, 11.5], "texture": "#0"},
				"west": {"uv": [6, 8, 6.5, 11.5], "texture": "#0"},
				"up": {"uv": [6, 8, 6.5, 8.5], "texture": "#0"},
				"down": {"uv": [6, 11, 6.5, 11.5], "texture": "#0"}
			}
		},
		{
			"name": "elucidator_sword_25",
			"from": [5.5, 2, 0],
			"to": [6, 7.5, 0.5],
			"faces": {
				"north": {"uv": [6, 8.5, 5.5, 14], "texture": "#0"},
				"east": {"uv": [5.5, 8.5, 6, 14], "texture": "#0"},
				"south": {"uv": [5.5, 8.5, 6, 14], "texture": "#0"},
				"west": {"uv": [5.5, 8.5, 6, 14], "texture": "#0"},
				"up": {"uv": [5.5, 8.5, 6, 9], "texture": "#0"},
				"down": {"uv": [5.5, 13.5, 6, 14], "texture": "#0"}
			}
		},
		{
			"name": "elucidator_sword_26",
			"from": [3, 4.5, 0],
			"to": [3.5, 7, 0.5],
			"faces": {
				"north": {"uv": [3.5, 9, 3, 11.5], "texture": "#0"},
				"east": {"uv": [3, 9, 3.5, 11.5], "texture": "#0"},
				"south": {"uv": [3, 9, 3.5, 11.5], "texture": "#0"},
				"west": {"uv": [3, 9, 3.5, 11.5], "texture": "#0"},
				"up": {"uv": [3, 9, 3.5, 9.5], "texture": "#0"},
				"down": {"uv": [3, 11, 3.5, 11.5], "texture": "#0"}
			}
		},
		{
			"name": "elucidator_sword_27",
			"from": [5, 2.5, 0],
			"to": [5.5, 7, 0.5],
			"faces": {
				"north": {"uv": [5.5, 9, 5, 13.5], "texture": "#0"},
				"east": {"uv": [5, 9, 5.5, 13.5], "texture": "#0"},
				"south": {"uv": [5, 9, 5.5, 13.5], "texture": "#0"},
				"west": {"uv": [5, 9, 5.5, 13.5], "texture": "#0"},
				"up": {"uv": [5, 9, 5.5, 9.5], "texture": "#0"},
				"down": {"uv": [5, 13, 5.5, 13.5], "texture": "#0"}
			}
		},
		{
			"name": "elucidator_sword_28",
			"from": [4.5, 3, 0],
			"to": [5, 6.5, 0.5],
			"faces": {
				"north": {"uv": [5, 9.5, 4.5, 13], "texture": "#0"},
				"east": {"uv": [4.5, 9.5, 5, 13], "texture": "#0"},
				"south": {"uv": [4.5, 9.5, 5, 13], "texture": "#0"},
				"west": {"uv": [4.5, 9.5, 5, 13], "texture": "#0"},
				"up": {"uv": [4.5, 9.5, 5, 10], "texture": "#0"},
				"down": {"uv": [4.5, 12.5, 5, 13], "texture": "#0"}
			}
		},
		{
			"name": "elucidator_sword_29",
			"from": [3.5, 3.5, 0],
			"to": [4.5, 6, 0.5],
			"faces": {
				"north": {"uv": [4.5, 10, 3.5, 12.5], "texture": "#0"},
				"east": {"uv": [4, 10, 4.5, 12.5], "texture": "#0"},
				"south": {"uv": [3.5, 10, 4.5, 12.5], "texture": "#0"},
				"west": {"uv": [3.5, 10, 4, 12.5], "texture": "#0"},
				"up": {"uv": [3.5, 10, 4.5, 10.5], "texture": "#0"},
				"down": {"uv": [3.5, 12, 4.5, 12.5], "texture": "#0"}
			}
		},
		{
			"name": "elucidator_sword_30",
			"from": [3, 2.5, 0],
			"to": [3.5, 4, 0.5],
			"faces": {
				"north": {"uv": [3.5, 12, 3, 13.5], "texture": "#0"},
				"east": {"uv": [3, 12, 3.5, 13.5], "texture": "#0"},
				"south": {"uv": [3, 12, 3.5, 13.5], "texture": "#0"},
				"west": {"uv": [3, 12, 3.5, 13.5], "texture": "#0"},
				"up": {"uv": [3, 12, 3.5, 12.5], "texture": "#0"},
				"down": {"uv": [3, 13, 3.5, 13.5], "texture": "#0"}
			}
		},
		{
			"name": "elucidator_sword_31",
			"from": [8.5, 2.5, 0],
			"to": [9, 4, 0.3],
			"faces": {
				"north": {"uv": [9, 12, 8.5, 13.5], "texture": "#0"},
				"east": {"uv": [8.5, 12, 9, 13.5], "texture": "#0"},
				"south": {"uv": [8.5, 12, 9, 13.5], "texture": "#0"},
				"west": {"uv": [8.5, 12, 9, 13.5], "texture": "#0"},
				"up": {"uv": [8.5, 12, 9, 12.5], "texture": "#0"},
				"down": {"uv": [8.5, 13, 9, 13.5], "texture": "#0"}
			}
		},
		{
			"name": "elucidator_sword_32",
			"from": [2.5, 2, 0],
			"to": [3, 3.5, 0.5],
			"faces": {
				"north": {"uv": [3, 12.5, 2.5, 14], "texture": "#0"},
				"east": {"uv": [2.5, 12.5, 3, 14], "texture": "#0"},
				"south": {"uv": [2.5, 12.5, 3, 14], "texture": "#0"},
				"west": {"uv": [2.5, 12.5, 3, 14], "texture": "#0"},
				"up": {"uv": [2.5, 12.5, 3, 13], "texture": "#0"},
				"down": {"uv": [2.5, 13.5, 3, 14], "texture": "#0"}
			}
		},
		{
			"name": "elucidator_sword_33",
			"from": [3.5, 3, 0],
			"to": [4, 3.5, 0.5],
			"faces": {
				"north": {"uv": [4, 12.5, 3.5, 13], "texture": "#0"},
				"east": {"uv": [3.5, 12.5, 4, 13], "texture": "#0"},
				"south": {"uv": [3.5, 12.5, 4, 13], "texture": "#0"},
				"west": {"uv": [3.5, 12.5, 4, 13], "texture": "#0"},
				"up": {"uv": [3.5, 12.5, 4, 13], "texture": "#0"},
				"down": {"uv": [3.5, 12.5, 4, 13], "texture": "#0"}
			}
		},
		{
			"name": "elucidator_sword_34",
			"from": [6, 2, 0],
			"to": [7, 3.5, 0.5],
			"faces": {
				"north": {"uv": [7, 12.5, 6, 14], "texture": "#0"},
				"east": {"uv": [6.5, 12.5, 7, 14], "texture": "#0"},
				"south": {"uv": [6, 12.5, 7, 14], "texture": "#0"},
				"west": {"uv": [6, 12.5, 6.5, 14], "texture": "#0"},
				"up": {"uv": [6, 12.5, 7, 13], "texture": "#0"},
				"down": {"uv": [6, 13.5, 7, 14], "texture": "#0"}
			}
		},
		{
			"name": "elucidator_sword_35",
			"from": [8, 2, 0],
			"to": [8.5, 3.5, 0.5],
			"faces": {
				"north": {"uv": [8.5, 12.5, 8, 14], "texture": "#0"},
				"east": {"uv": [8, 12.5, 8.5, 14], "texture": "#0"},
				"south": {"uv": [8, 12.5, 8.5, 14], "texture": "#0"},
				"west": {"uv": [8, 12.5, 8.5, 14], "texture": "#0"},
				"up": {"uv": [8, 12.5, 8.5, 13], "texture": "#0"},
				"down": {"uv": [8, 13.5, 8.5, 14], "texture": "#0"}
			}
		},
		{
			"name": "elucidator_sword_36",
			"from": [2, 1.5, 0],
			"to": [2.5, 3, 0.5],
			"faces": {
				"north": {"uv": [2.5, 13, 2, 14.5], "texture": "#0"},
				"east": {"uv": [2, 13, 2.5, 14.5], "texture": "#0"},
				"south": {"uv": [2, 13, 2.5, 14.5], "texture": "#0"},
				"west": {"uv": [2, 13, 2.5, 14.5], "texture": "#0"},
				"up": {"uv": [2, 13, 2.5, 13.5], "texture": "#0"},
				"down": {"uv": [2, 14, 2.5, 14.5], "texture": "#0"}
			}
		},
		{
			"name": "elucidator_sword_37",
			"from": [7, 1.5, 0],
			"to": [8, 3, 0.5],
			"faces": {
				"north": {"uv": [8, 13, 7, 14.5], "texture": "#0"},
				"east": {"uv": [7.5, 13, 8, 14.5], "texture": "#0"},
				"south": {"uv": [7, 13, 8, 14.5], "texture": "#0"},
				"west": {"uv": [7, 13, 7.5, 14.5], "texture": "#0"},
				"up": {"uv": [7, 13, 8, 13.5], "texture": "#0"},
				"down": {"uv": [7, 14, 8, 14.5], "texture": "#0"}
			}
		},
		{
			"name": "elucidator_sword_38",
			"from": [0, 1, 0],
			"to": [1, 2.5, 0.5],
			"faces": {
				"north": {"uv": [1, 13.5, 0, 15], "texture": "#0"},
				"east": {"uv": [0.5, 13.5, 1, 15], "texture": "#0"},
				"south": {"uv": [0, 13.5, 1, 15], "texture": "#0"},
				"west": {"uv": [0, 13.5, 0.5, 15], "texture": "#0"},
				"up": {"uv": [0, 13.5, 1, 14], "texture": "#0"},
				"down": {"uv": [0, 14.5, 1, 15], "texture": "#0"}
			}
		},
		{
			"name": "elucidator_sword_39",
			"from": [1.5, 0, 0],
			"to": [2, 2.5, 0.5],
			"faces": {
				"north": {"uv": [2, 13.5, 1.5, 16], "texture": "#0"},
				"east": {"uv": [1.5, 13.5, 2, 16], "texture": "#0"},
				"south": {"uv": [1.5, 13.5, 2, 16], "texture": "#0"},
				"west": {"uv": [1.5, 13.5, 2, 16], "texture": "#0"},
				"up": {"uv": [1.5, 13.5, 2, 14], "texture": "#0"},
				"down": {"uv": [1.5, 15.5, 2, 16], "texture": "#0"}
			}
		},
		{
			"name": "elucidator_sword_40",
			"from": [1, 0, 0],
			"to": [1.5, 2, 0.5],
			"faces": {
				"north": {"uv": [1.5, 14, 1, 16], "texture": "#0"},
				"east": {"uv": [1, 14, 1.5, 16], "texture": "#0"},
				"south": {"uv": [1, 14, 1.5, 16], "texture": "#0"},
				"west": {"uv": [1, 14, 1.5, 16], "texture": "#0"},
				"up": {"uv": [1, 14, 1.5, 14.5], "texture": "#0"},
				"down": {"uv": [1, 15.5, 1.5, 16], "texture": "#0"}
			}
		},
		{
			"name": "elucidator_sword_41",
			"from": [6.5, 1.5, 0],
			"to": [7, 2, 0.5],
			"faces": {
				"north": {"uv": [7, 14, 6.5, 14.5], "texture": "#0"},
				"east": {"uv": [6.5, 14, 7, 14.5], "texture": "#0"},
				"south": {"uv": [6.5, 14, 7, 14.5], "texture": "#0"},
				"west": {"uv": [6.5, 14, 7, 14.5], "texture": "#0"},
				"up": {"uv": [6.5, 14, 7, 14.5], "texture": "#0"},
				"down": {"uv": [6.5, 14, 7, 14.5], "texture": "#0"}
			}
		},
		{
			"name": "elucidator_sword_42",
			"from": [0.5, 0.5, 0],
			"to": [1, 1, 0.5],
			"faces": {
				"north": {"uv": [1, 15, 0.5, 15.5], "texture": "#0"},
				"east": {"uv": [0.5, 15, 1, 15.5], "texture": "#0"},
				"south": {"uv": [0.5, 15, 1, 15.5], "texture": "#0"},
				"west": {"uv": [0.5, 15, 1, 15.5], "texture": "#0"},
				"up": {"uv": [0.5, 15, 1, 15.5], "texture": "#0"},
				"down": {"uv": [0.5, 15, 1, 15.5], "texture": "#0"}
			}
		},
		{
			"name": "elucidator_sword_43",
			"from": [2, 0, 0],
			"to": [2.5, 1, 0.5],
			"faces": {
				"north": {"uv": [2.5, 15, 2, 16], "texture": "#0"},
				"east": {"uv": [2, 15, 2.5, 16], "texture": "#0"},
				"south": {"uv": [2, 15, 2.5, 16], "texture": "#0"},
				"west": {"uv": [2, 15, 2.5, 16], "texture": "#0"},
				"up": {"uv": [2, 15, 2.5, 15.5], "texture": "#0"},
				"down": {"uv": [2, 15.5, 2.5, 16], "texture": "#0"}
			}
		}
	],
	"display": {
		"thirdperson_righthand": {
			"rotation": [-84.21, 87.63, 132.54],
			"translation": [7.5, 6.5, 2.25]
		},
		"thirdperson_lefthand": {
			"rotation": [73.48, 85.74, -112.45],
			"translation": [8, 5.5, 2.75]
		},
		"firstperson_righthand": {
			"rotation": [-23.9, 86.9, 67.61],
			"translation": [7.75, 6.25, 0]
		},
		"firstperson_lefthand": {
			"rotation": [-134.33, -81.16, -169.46],
			"translation": [-6.75, 7.25, -0.75]
		},
		"fixed": {
			"translation": [0, 0, 8.5]
		}
	},
	"groups": [
		{
			"name": "elucidator_sword",
			"origin": [8, 8, 8],
			"color": 0,
			"children": [0, 1, 2, 3, 4, 5, 6, 7, 8, 9, 10, 11, 12, 13, 14, 15, 16, 17, 18, 19, 20, 21, 22, 23, 24, 25, 26, 27, 28, 29, 30, 31, 32, 33, 34, 35, 36, 37, 38, 39, 40, 41, 42, 43]
		}
	]
}