{
	"credit": "Made with Blockbench",
	"textures": {
		"0": "cit/intermediate/intermediate",
		"particle": "intermediate"
	},
	"elements": [
		{
			"name": "intermediate_0",
			"from": [13.5, -0.8, -0.8],
			"to": [16.8, 0.3, 2.5],
			"rotation": {"angle": 0, "axis": "y", "origin": [-0.8, -0.8, -0.8]},
			"faces": {
				"north": {"uv": [16, 0, 13, 1], "texture": "#0"},
				"east": {"uv": [15, 0, 16, 3], "rotation": 90, "texture": "#0"},
				"south": {"uv": [13, 2, 16, 3], "texture": "#0"},
				"west": {"uv": [13, 0, 14, 3], "rotation": 270, "texture": "#0"},
				"up": {"uv": [13, 0, 16, 3], "texture": "#0"},
				"down": {"uv": [13, 3, 16, 0], "texture": "#0"}
			}
		},
		{
			"name": "intermediate_1",
			"from": [12.4, -0.8, 0.3],
			"to": [13.5, 0.3, 5.8],
			"rotation": {"angle": 0, "axis": "y", "origin": [-0.8, -0.8, -0.8]},
			"faces": {
				"north": {"uv": [13, 1, 12, 2], "texture": "#0"},
				"east": {"uv": [12, 1, 13, 6], "rotation": 90, "texture": "#0"},
				"south": {"uv": [12, 5, 13, 6], "texture": "#0"},
				"west": {"uv": [12, 1, 13, 6], "rotation": 270, "texture": "#0"},
				"up": {"uv": [12, 1, 13, 6], "texture": "#0"},
				"down": {"uv": [12, 6, 13, 1], "texture": "#0"}
			}
		},
		{
			"name": "intermediate_2",
			"from": [11.3, -0.8, 1.4],
			"to": [12.4, 0.3, 6.9],
			"rotation": {"angle": 0, "axis": "y", "origin": [-0.8, -0.8, -0.8]},
			"faces": {
				"north": {"uv": [12, 2, 11, 3], "texture": "#0"},
				"east": {"uv": [11, 2, 12, 7], "rotation": 90, "texture": "#0"},
				"south": {"uv": [11, 6, 12, 7], "texture": "#0"},
				"west": {"uv": [11, 2, 12, 7], "rotation": 270, "texture": "#0"},
				"up": {"uv": [11, 2, 12, 7], "texture": "#0"},
				"down": {"uv": [11, 7, 12, 2], "texture": "#0"}
			}
		},
		{
			"name": "intermediate_3",
			"from": [10.2, -0.8, 2.5],
			"to": [11.3, 0.3, 8],
			"rotation": {"angle": 0, "axis": "y", "origin": [-0.8, -0.8, -0.8]},
			"faces": {
				"north": {"uv": [11, 3, 10, 4], "texture": "#0"},
				"east": {"uv": [10, 3, 11, 8], "rotation": 90, "texture": "#0"},
				"south": {"uv": [10, 7, 11, 8], "texture": "#0"},
				"west": {"uv": [10, 3, 11, 8], "rotation": 270, "texture": "#0"},
				"up": {"uv": [10, 3, 11, 8], "texture": "#0"},
				"down": {"uv": [10, 8, 11, 3], "texture": "#0"}
			}
		},
		{
			"name": "intermediate_4",
			"from": [13.5, -0.8, 2.5],
			"to": [15.7, 0.3, 3.6],
			"rotation": {"angle": 0, "axis": "y", "origin": [-0.8, -0.8, -0.8]},
			"faces": {
				"north": {"uv": [15, 3, 13, 4], "texture": "#0"},
				"east": {"uv": [14, 3, 15, 4], "rotation": 90, "texture": "#0"},
				"south": {"uv": [13, 3, 15, 4], "texture": "#0"},
				"west": {"uv": [13, 3, 14, 4], "rotation": 270, "texture": "#0"},
				"up": {"uv": [13, 3, 15, 4], "texture": "#0"},
				"down": {"uv": [13, 4, 15, 3], "texture": "#0"}
			}
		},
		{
			"name": "intermediate_5",
			"from": [9.1, -0.8, 3.6],
			"to": [10.2, 0.3, 9.1],
			"rotation": {"angle": 0, "axis": "y", "origin": [-0.8, -0.8, -0.8]},
			"faces": {
				"north": {"uv": [10, 4, 9, 5], "texture": "#0"},
				"east": {"uv": [9, 4, 10, 9], "rotation": 90, "texture": "#0"},
				"south": {"uv": [9, 8, 10, 9], "texture": "#0"},
				"west": {"uv": [9, 4, 10, 9], "rotation": 270, "texture": "#0"},
				"up": {"uv": [9, 4, 10, 9], "texture": "#0"},
				"down": {"uv": [9, 9, 10, 4], "texture": "#0"}
			}
		},
		{
			"name": "intermediate_6",
			"from": [13.5, -0.8, 3.6],
			"to": [14.6, 0.3, 4.7],
			"rotation": {"angle": 0, "axis": "y", "origin": [-0.8, -0.8, -0.8]},
			"faces": {
				"north": {"uv": [14, 4, 13, 5], "texture": "#0"},
				"east": {"uv": [13, 4, 14, 5], "rotation": 90, "texture": "#0"},
				"south": {"uv": [13, 4, 14, 5], "texture": "#0"},
				"west": {"uv": [13, 4, 14, 5], "rotation": 270, "texture": "#0"},
				"up": {"uv": [13, 4, 14, 5], "texture": "#0"},
				"down": {"uv": [13, 5, 14, 4], "texture": "#0"}
			}
		},
		{
			"name": "intermediate_7",
			"from": [8, -0.8, 4.7],
			"to": [9.1, 0.3, 10.2],
			"rotation": {"angle": 0, "axis": "y", "origin": [-0.8, -0.8, -0.8]},
			"faces": {
				"north": {"uv": [9, 5, 8, 6], "texture": "#0"},
				"east": {"uv": [8, 5, 9, 10], "rotation": 90, "texture": "#0"},
				"south": {"uv": [8, 9, 9, 10], "texture": "#0"},
				"west": {"uv": [8, 5, 9, 10], "rotation": 270, "texture": "#0"},
				"up": {"uv": [8, 5, 9, 10], "texture": "#0"},
				"down": {"uv": [8, 10, 9, 5], "texture": "#0"}
			}
		},
		{
			"name": "intermediate_8",
			"from": [6.9, -0.8, 5.8],
			"to": [8, 0.3, 11.3],
			"rotation": {"angle": 0, "axis": "y", "origin": [-0.8, -0.8, -0.8]},
			"faces": {
				"north": {"uv": [8, 6, 7, 7], "texture": "#0"},
				"east": {"uv": [7, 6, 8, 11], "rotation": 90, "texture": "#0"},
				"south": {"uv": [7, 10, 8, 11], "texture": "#0"},
				"west": {"uv": [7, 6, 8, 11], "rotation": 270, "texture": "#0"},
				"up": {"uv": [7, 6, 8, 11], "texture": "#0"},
				"down": {"uv": [7, 11, 8, 6], "texture": "#0"}
			}
		},
		{
			"name": "intermediate_9",
			"from": [0.3, -0.8, 6.9],
			"to": [2.5, 0.3, 10.2],
			"rotation": {"angle": 0, "axis": "y", "origin": [-0.8, -0.8, -0.8]},
			"faces": {
				"north": {"uv": [3, 7, 1, 8], "texture": "#0"},
				"east": {"uv": [2, 7, 3, 10], "rotation": 90, "texture": "#0"},
				"south": {"uv": [1, 9, 3, 10], "texture": "#0"},
				"west": {"uv": [1, 7, 2, 10], "rotation": 270, "texture": "#0"},
				"up": {"uv": [1, 7, 3, 10], "texture": "#0"},
				"down": {"uv": [1, 10, 3, 7], "texture": "#0"}
			}
		},
		{
			"name": "intermediate_10",
			"from": [5.8, -0.8, 6.9],
			"to": [6.9, 0.3, 15.7],
			"rotation": {"angle": 0, "axis": "y", "origin": [-0.8, -0.8, -0.8]},
			"faces": {
				"north": {"uv": [7, 7, 6, 8], "texture": "#0"},
				"east": {"uv": [6, 7, 7, 15], "rotation": 90, "texture": "#0"},
				"south": {"uv": [6, 14, 7, 15], "texture": "#0"},
				"west": {"uv": [6, 7, 7, 15], "rotation": 270, "texture": "#0"},
				"up": {"uv": [6, 7, 7, 15], "texture": "#0"},
				"down": {"uv": [6, 15, 7, 7], "texture": "#0"}
			}
		},
		{
			"name": "intermediate_11",
			"from": [2.5, -0.8, 8],
			"to": [3.6, 0.3, 14.6],
			"rotation": {"angle": 0, "axis": "y", "origin": [-0.8, -0.8, -0.8]},
			"faces": {
				"north": {"uv": [4, 8, 3, 9], "texture": "#0"},
				"east": {"uv": [3, 8, 4, 14], "rotation": 90, "texture": "#0"},
				"south": {"uv": [3, 13, 4, 14], "texture": "#0"},
				"west": {"uv": [3, 8, 4, 14], "rotation": 270, "texture": "#0"},
				"up": {"uv": [3, 8, 4, 14], "texture": "#0"},
				"down": {"uv": [3, 14, 4, 8], "texture": "#0"}
			}
		},
		{
			"name": "intermediate_12",
			"from": [4.7, -0.8, 8],
			"to": [5.8, 0.3, 14.6],
			"rotation": {"angle": 0, "axis": "y", "origin": [-0.8, -0.8, -0.8]},
			"faces": {
				"north": {"uv": [6, 8, 5, 9], "texture": "#0"},
				"east": {"uv": [5, 8, 6, 14], "rotation": 90, "texture": "#0"},
				"south": {"uv": [5, 13, 6, 14], "texture": "#0"},
				"west": {"uv": [5, 8, 6, 14], "rotation": 270, "texture": "#0"},
				"up": {"uv": [5, 8, 6, 14], "texture": "#0"},
				"down": {"uv": [5, 14, 6, 8], "texture": "#0"}
			}
		},
		{
			"name": "intermediate_13",
			"from": [3.6, -0.8, 9.1],
			"to": [4.7, 0.3, 13.5],
			"rotation": {"angle": 0, "axis": "y", "origin": [-0.8, -0.8, -0.8]},
			"faces": {
				"north": {"uv": [5, 9, 4, 10], "texture": "#0"},
				"east": {"uv": [4, 9, 5, 13], "rotation": 90, "texture": "#0"},
				"south": {"uv": [4, 12, 5, 13], "texture": "#0"},
				"west": {"uv": [4, 9, 5, 13], "rotation": 270, "texture": "#0"},
				"up": {"uv": [4, 9, 5, 13], "texture": "#0"},
				"down": {"uv": [4, 13, 5, 9], "texture": "#0"}
			}
		},
		{
			"name": "intermediate_14",
			"from": [1.4, -0.8, 10.2],
			"to": [2.5, 0.3, 11.3],
			"rotation": {"angle": 0, "axis": "y", "origin": [-0.8, -0.8, -0.8]},
			"faces": {
				"north": {"uv": [3, 10, 2, 11], "texture": "#0"},
				"east": {"uv": [2, 10, 3, 11], "rotation": 90, "texture": "#0"},
				"south": {"uv": [2, 10, 3, 11], "texture": "#0"},
				"west": {"uv": [2, 10, 3, 11], "rotation": 270, "texture": "#0"},
				"up": {"uv": [2, 10, 3, 11], "texture": "#0"},
				"down": {"uv": [2, 11, 3, 10], "texture": "#0"}
			}
		},
		{
			"name": "intermediate_15",
			"from": [1.4, -0.8, 12.4],
			"to": [2.5, 0.3, 16.8],
			"rotation": {"angle": 0, "axis": "y", "origin": [-0.8, -0.8, -0.8]},
			"faces": {
				"north": {"uv": [3, 12, 2, 13], "texture": "#0"},
				"east": {"uv": [2, 12, 3, 16], "rotation": 90, "texture": "#0"},
				"south": {"uv": [2, 15, 3, 16], "texture": "#0"},
				"west": {"uv": [2, 12, 3, 16], "rotation": 270, "texture": "#0"},
				"up": {"uv": [2, 12, 3, 16], "texture": "#0"},
				"down": {"uv": [2, 16, 3, 12], "texture": "#0"}
			}
		},
		{
			"name": "intermediate_16",
			"from": [6.9, -0.8, 12.4],
			"to": [8, 0.3, 15.7],
			"rotation": {"angle": 0, "axis": "y", "origin": [-0.8, -0.8, -0.8]},
			"faces": {
				"north": {"uv": [8, 12, 7, 13], "texture": "#0"},
				"east": {"uv": [7, 12, 8, 15], "rotation": 90, "texture": "#0"},
				"south": {"uv": [7, 14, 8, 15], "texture": "#0"},
				"west": {"uv": [7, 12, 8, 15], "rotation": 270, "texture": "#0"},
				"up": {"uv": [7, 12, 8, 15], "texture": "#0"},
				"down": {"uv": [7, 15, 8, 12], "texture": "#0"}
			}
		},
		{
			"name": "intermediate_17",
			"from": [-0.8, -0.8, 13.5],
			"to": [1.4, 0.3, 16.8],
			"rotation": {"angle": 0, "axis": "y", "origin": [-0.8, -0.8, -0.8]},
			"faces": {
				"north": {"uv": [2, 13, 0, 14], "texture": "#0"},
				"east": {"uv": [1, 13, 2, 16], "rotation": 90, "texture": "#0"},
				"south": {"uv": [0, 15, 2, 16], "texture": "#0"},
				"west": {"uv": [0, 13, 1, 16], "rotation": 270, "texture": "#0"},
				"up": {"uv": [0, 13, 2, 16], "texture": "#0"},
				"down": {"uv": [0, 16, 2, 13], "texture": "#0"}
			}
		},
		{
			"name": "intermediate_18",
			"from": [8, -0.8, 13.5],
			"to": [9.1, 0.3, 15.7],
			"rotation": {"angle": 0, "axis": "y", "origin": [-0.8, -0.8, -0.8]},
			"faces": {
				"north": {"uv": [9, 13, 8, 14], "texture": "#0"},
				"east": {"uv": [8, 13, 9, 15], "rotation": 90, "texture": "#0"},
				"south": {"uv": [8, 14, 9, 15], "texture": "#0"},
				"west": {"uv": [8, 13, 9, 15], "rotation": 270, "texture": "#0"},
				"up": {"uv": [8, 13, 9, 15], "texture": "#0"},
				"down": {"uv": [8, 15, 9, 13], "texture": "#0"}
			}
		}
	],
	"display": {
		"thirdperson_righthand": {
			"rotation": [52.28, -0.78, 89.01],
			"translation": [-8, 7.25, 3.5]
		},
		"thirdperson_lefthand": {
			"rotation": [137.97, -0.41, 87.92],
			"translation": [-9, 6.75, 3]
		},
		"firstperson_righthand": {
			"rotation": [28.6, -4.18, 83.53],
			"translation": [-0.75, 7, -8.75],
			"scale": [1.63, 1, 1.63]
		},
		"firstperson_lefthand": {
			"rotation": [32.76, -3.1, -90.97],
			"translation": [13.75, 3.75, -6.5],
			"scale": [1.63, 1, 1.63]
		},
		"ground": {
			"rotation": [7.12, 45.32, 81.04],
			"translation": [0, 1.25, 0]
		},
		"gui": {
			"rotation": [90, 0, 0]
		},
		"fixed": {
			"rotation": [90, 0, 0],
			"translation": [0, 0, 9]
		}
	},
	"groups": [
		{
			"name": "intermediate",
			"origin": [8, 8, 8],
			"color": 0,
			"children": [0, 1, 2, 3, 4, 5, 6, 7, 8, 9, 10, 11, 12, 13, 14, 15, 16, 17, 18]
		}
	]
}