{
	"credit": "Made with Blockbench",
	"textures": {
		"0": "cit/lancer/lancer",
		"particle": "lancer"
	},
	"elements": [
		{
			"name": "lancer_0",
			"from": [13.5, 0, 0.3],
			"to": [15.7, 1.1, 2.5],
			"rotation": {"angle": 0, "axis": "y", "origin": [-0.8, 0, -0.8]},
			"faces": {
				"north": {"uv": [15, 1, 13, 2], "texture": "#0"},
				"east": {"uv": [14, 1, 15, 3], "rotation": 90, "texture": "#0"},
				"south": {"uv": [13, 2, 15, 3], "texture": "#0"},
				"west": {"uv": [13, 1, 14, 3], "rotation": 270, "texture": "#0"},
				"up": {"uv": [13, 1, 15, 3], "texture": "#0"},
				"down": {"uv": [13, 3, 15, 1], "texture": "#0"}
			}
		},
		{
			"name": "lancer_1",
			"from": [15.7, 0, 0.3],
			"to": [16.8, 1.1, 1.4],
			"rotation": {"angle": 0, "axis": "y", "origin": [-0.8, 0, -0.8]},
			"faces": {
				"north": {"uv": [16, 1, 15, 2], "texture": "#0"},
				"east": {"uv": [15, 1, 16, 2], "rotation": 90, "texture": "#0"},
				"south": {"uv": [15, 1, 16, 2], "texture": "#0"},
				"west": {"uv": [15, 1, 16, 2], "rotation": 270, "texture": "#0"},
				"up": {"uv": [15, 1, 16, 2], "texture": "#0"},
				"down": {"uv": [15, 2, 16, 1], "texture": "#0"}
			}
		},
		{
			"name": "lancer_2",
			"from": [12.4, 0, 1.4],
			"to": [13.5, 1.1, 4.7],
			"rotation": {"angle": 0, "axis": "y", "origin": [-0.8, 0, -0.8]},
			"faces": {
				"north": {"uv": [13, 2, 12, 3], "texture": "#0"},
				"east": {"uv": [12, 2, 13, 5], "rotation": 90, "texture": "#0"},
				"south": {"uv": [12, 4, 13, 5], "texture": "#0"},
				"west": {"uv": [12, 2, 13, 5], "rotation": 270, "texture": "#0"},
				"up": {"uv": [12, 2, 13, 5], "texture": "#0"},
				"down": {"uv": [12, 5, 13, 2], "texture": "#0"}
			}
		},
		{
			"name": "lancer_3",
			"from": [11.3, 0, 2.5],
			"to": [12.4, 1.1, 5.8],
			"rotation": {"angle": 0, "axis": "y", "origin": [-0.8, 0, -0.8]},
			"faces": {
				"north": {"uv": [12, 3, 11, 4], "texture": "#0"},
				"east": {"uv": [11, 3, 12, 6], "rotation": 90, "texture": "#0"},
				"south": {"uv": [11, 5, 12, 6], "texture": "#0"},
				"west": {"uv": [11, 3, 12, 6], "rotation": 270, "texture": "#0"},
				"up": {"uv": [11, 3, 12, 6], "texture": "#0"},
				"down": {"uv": [11, 6, 12, 3], "texture": "#0"}
			}
		},
		{
			"name": "lancer_4",
			"from": [13.5, 0, 2.5],
			"to": [14.6, 1.1, 3.6],
			"rotation": {"angle": 0, "axis": "y", "origin": [-0.8, 0, -0.8]},
			"faces": {
				"north": {"uv": [14, 3, 13, 4], "texture": "#0"},
				"east": {"uv": [13, 3, 14, 4], "rotation": 90, "texture": "#0"},
				"south": {"uv": [13, 3, 14, 4], "texture": "#0"},
				"west": {"uv": [13, 3, 14, 4], "rotation": 270, "texture": "#0"},
				"up": {"uv": [13, 3, 14, 4], "texture": "#0"},
				"down": {"uv": [13, 4, 14, 3], "texture": "#0"}
			}
		},
		{
			"name": "lancer_5",
			"from": [10.2, 0, 3.6],
			"to": [11.3, 1.1, 6.9],
			"rotation": {"angle": 0, "axis": "y", "origin": [-0.8, 0, -0.8]},
			"faces": {
				"north": {"uv": [11, 4, 10, 5], "texture": "#0"},
				"east": {"uv": [10, 4, 11, 7], "rotation": 90, "texture": "#0"},
				"south": {"uv": [10, 6, 11, 7], "texture": "#0"},
				"west": {"uv": [10, 4, 11, 7], "rotation": 270, "texture": "#0"},
				"up": {"uv": [10, 4, 11, 7], "texture": "#0"},
				"down": {"uv": [10, 7, 11, 4], "texture": "#0"}
			}
		},
		{
			"name": "lancer_6",
			"from": [9.1, 0, 4.7],
			"to": [10.2, 1.1, 8],
			"rotation": {"angle": 0, "axis": "y", "origin": [-0.8, 0, -0.8]},
			"faces": {
				"north": {"uv": [10, 5, 9, 6], "texture": "#0"},
				"east": {"uv": [9, 5, 10, 8], "rotation": 90, "texture": "#0"},
				"south": {"uv": [9, 7, 10, 8], "texture": "#0"},
				"west": {"uv": [9, 5, 10, 8], "rotation": 270, "texture": "#0"},
				"up": {"uv": [9, 5, 10, 8], "texture": "#0"},
				"down": {"uv": [9, 8, 10, 5], "texture": "#0"}
			}
		},
		{
			"name": "lancer_7",
			"from": [8, 0, 5.8],
			"to": [9.1, 1.1, 9.1],
			"rotation": {"angle": 0, "axis": "y", "origin": [-0.8, 0, -0.8]},
			"faces": {
				"north": {"uv": [9, 6, 8, 7], "texture": "#0"},
				"east": {"uv": [8, 6, 9, 9], "rotation": 90, "texture": "#0"},
				"south": {"uv": [8, 8, 9, 9], "texture": "#0"},
				"west": {"uv": [8, 6, 9, 9], "rotation": 270, "texture": "#0"},
				"up": {"uv": [8, 6, 9, 9], "texture": "#0"},
				"down": {"uv": [8, 9, 9, 6], "texture": "#0"}
			}
		},
		{
			"name": "lancer_8",
			"from": [6.9, 0, 6.9],
			"to": [8, 1.1, 10.2],
			"rotation": {"angle": 0, "axis": "y", "origin": [-0.8, 0, -0.8]},
			"faces": {
				"north": {"uv": [8, 7, 7, 8], "texture": "#0"},
				"east": {"uv": [7, 7, 8, 10], "rotation": 90, "texture": "#0"},
				"south": {"uv": [7, 9, 8, 10], "texture": "#0"},
				"west": {"uv": [7, 7, 8, 10], "rotation": 270, "texture": "#0"},
				"up": {"uv": [7, 7, 8, 10], "texture": "#0"},
				"down": {"uv": [7, 10, 8, 7], "texture": "#0"}
			}
		},
		{
			"name": "lancer_9",
			"from": [5.8, 0, 8],
			"to": [6.9, 1.1, 14.6],
			"rotation": {"angle": 0, "axis": "y", "origin": [-0.8, 0, -0.8]},
			"faces": {
				"north": {"uv": [7, 8, 6, 9], "texture": "#0"},
				"east": {"uv": [6, 8, 7, 14], "rotation": 90, "texture": "#0"},
				"south": {"uv": [6, 13, 7, 14], "texture": "#0"},
				"west": {"uv": [6, 8, 7, 14], "rotation": 270, "texture": "#0"},
				"up": {"uv": [6, 8, 7, 14], "texture": "#0"},
				"down": {"uv": [6, 14, 7, 8], "texture": "#0"}
			}
		},
		{
			"name": "lancer_10",
			"from": [1.4, 0, 9.1],
			"to": [5.8, 1.1, 11.3],
			"rotation": {"angle": 0, "axis": "y", "origin": [-0.8, 0, -0.8]},
			"faces": {
				"north": {"uv": [6, 9, 2, 10], "texture": "#0"},
				"east": {"uv": [5, 9, 6, 11], "rotation": 90, "texture": "#0"},
				"south": {"uv": [2, 10, 6, 11], "texture": "#0"},
				"west": {"uv": [2, 9, 3, 11], "rotation": 270, "texture": "#0"},
				"up": {"uv": [2, 9, 6, 11], "texture": "#0"},
				"down": {"uv": [2, 11, 6, 9], "texture": "#0"}
			}
		},
		{
			"name": "lancer_11",
			"from": [0.3, 0, 10.2],
			"to": [1.4, 1.1, 16.8],
			"rotation": {"angle": 0, "axis": "y", "origin": [-0.8, 0, -0.8]},
			"faces": {
				"north": {"uv": [2, 10, 1, 11], "texture": "#0"},
				"east": {"uv": [1, 10, 2, 16], "rotation": 90, "texture": "#0"},
				"south": {"uv": [1, 15, 2, 16], "texture": "#0"},
				"west": {"uv": [1, 10, 2, 16], "rotation": 270, "texture": "#0"},
				"up": {"uv": [1, 10, 2, 16], "texture": "#0"},
				"down": {"uv": [1, 16, 2, 10], "texture": "#0"}
			}
		},
		{
			"name": "lancer_12",
			"from": [-0.8, 0, 11.3],
			"to": [0.3, 1.1, 16.8],
			"rotation": {"angle": 0, "axis": "y", "origin": [-0.8, 0, -0.8]},
			"faces": {
				"north": {"uv": [1, 11, 0, 12], "texture": "#0"},
				"east": {"uv": [0, 11, 1, 16], "rotation": 90, "texture": "#0"},
				"south": {"uv": [0, 15, 1, 16], "texture": "#0"},
				"west": {"uv": [0, 11, 1, 16], "rotation": 270, "texture": "#0"},
				"up": {"uv": [0, 11, 1, 16], "texture": "#0"},
				"down": {"uv": [0, 16, 1, 11], "texture": "#0"}
			}
		},
		{
			"name": "lancer_13",
			"from": [2.5, 0, 11.3],
			"to": [5.8, 1.1, 13.5],
			"rotation": {"angle": 0, "axis": "y", "origin": [-0.8, 0, -0.8]},
			"faces": {
				"north": {"uv": [6, 11, 3, 12], "texture": "#0"},
				"east": {"uv": [5, 11, 6, 13], "rotation": 90, "texture": "#0"},
				"south": {"uv": [3, 12, 6, 13], "texture": "#0"},
				"west": {"uv": [3, 11, 4, 13], "rotation": 270, "texture": "#0"},
				"up": {"uv": [3, 11, 6, 13], "texture": "#0"},
				"down": {"uv": [3, 13, 6, 11], "texture": "#0"}
			}
		},
		{
			"name": "lancer_14",
			"from": [1.4, 0, 12.4],
			"to": [2.5, 1.1, 16.8],
			"rotation": {"angle": 0, "axis": "y", "origin": [-0.8, 0, -0.8]},
			"faces": {
				"north": {"uv": [3, 12, 2, 13], "texture": "#0"},
				"east": {"uv": [2, 12, 3, 16], "rotation": 90, "texture": "#0"},
				"south": {"uv": [2, 15, 3, 16], "texture": "#0"},
				"west": {"uv": [2, 12, 3, 16], "rotation": 270, "texture": "#0"},
				"up": {"uv": [2, 12, 3, 16], "texture": "#0"},
				"down": {"uv": [2, 16, 3, 12], "texture": "#0"}
			}
		},
		{
			"name": "lancer_15",
			"from": [2.5, 0, 13.5],
			"to": [3.6, 1.1, 14.6],
			"rotation": {"angle": 0, "axis": "y", "origin": [-0.8, 0, -0.8]},
			"faces": {
				"north": {"uv": [4, 13, 3, 14], "texture": "#0"},
				"east": {"uv": [3, 13, 4, 14], "rotation": 90, "texture": "#0"},
				"south": {"uv": [3, 13, 4, 14], "texture": "#0"},
				"west": {"uv": [3, 13, 4, 14], "rotation": 270, "texture": "#0"},
				"up": {"uv": [3, 13, 4, 14], "texture": "#0"},
				"down": {"uv": [3, 14, 4, 13], "texture": "#0"}
			}
		},
		{
			"name": "lancer_16",
			"from": [4.7, 0, 13.5],
			"to": [5.8, 1.1, 14.6],
			"rotation": {"angle": 0, "axis": "y", "origin": [-0.8, 0, -0.8]},
			"faces": {
				"north": {"uv": [6, 13, 5, 14], "texture": "#0"},
				"east": {"uv": [5, 13, 6, 14], "rotation": 90, "texture": "#0"},
				"south": {"uv": [5, 13, 6, 14], "texture": "#0"},
				"west": {"uv": [5, 13, 6, 14], "rotation": 270, "texture": "#0"},
				"up": {"uv": [5, 13, 6, 14], "texture": "#0"},
				"down": {"uv": [5, 14, 6, 13], "texture": "#0"}
			}
		}
	],
	"display": {
		"thirdperson_righthand": {
			"rotation": [49.9, -2.22, 88.37],
			"translation": [-7.5, 5.5, 1]
		},
		"thirdperson_lefthand": {
			"rotation": [59.44, -2.36, -92.05],
			"translation": [7, 4.5, 2.25]
		},
		"firstperson_righthand": {
			"rotation": [39.98, -8.44, 92.47],
			"translation": [0.5, 2.25, -9.5],
			"scale": [1.63, 1, 1.63]
		},
		"firstperson_lefthand": {
			"rotation": [39.37, 1.62, -89.19],
			"translation": [14.75, 2.5, -9.5],
			"scale": [1.63, 1, 1.63]
		},
		"ground": {
			"rotation": [126.45, -85.99, -143.25],
			"translation": [0, 2.75, 0]
		},
		"gui": {
			"rotation": [90, 0, 0]
		},
		"fixed": {
			"rotation": [90, 0.11, 178.44],
			"translation": [0, 0, -6.75]
		}
	},
	"groups": [
		{
			"name": "lancer",
			"origin": [8, 8, 8],
			"color": 0,
			"children": [0, 1, 2, 3, 4, 5, 6, 7, 8, 9, 10, 11, 12, 13, 14, 15, 16]
		}
	]
}